Data,Otwarcie,Najwyzszy,Najnizszy,Zamkniecie,Wolumen
2010-06-29,19,25,17.54,23.89,18783276
2010-06-30,25.79,30.42,23.3,23.83,17194394
2010-07-01,25,25.92,20.27,21.96,8229863
2010-07-02,23,23.1,18.71,19.2,5141807
2010-07-06,20,20,15.83,16.11,6879296
2010-07-07,16.4,16.63,14.98,15.8,6924914
2010-07-08,16.14,17.52,15.57,17.46,7719539
2010-07-09,17.58,17.9,16.55,17.4,4058606
2010-07-12,17.95,18.07,17,17.05,2203570
2010-07-13,17.39,18.64,16.9,18.14,2680060
2010-07-14,17.94,20.15,17.76,19.84,4196110
2010-07-15,19.94,21.5,19,19.89,3745297
2010-07-16,20.7,21.3,20.05,20.64,2621210
2010-07-19,21.37,22.25,20.92,21.91,2486489
2010-07-20,21.85,21.85,20.05,20.3,1825231
2010-07-21,20.66,20.9,19.5,20.22,1253442
2010-07-22,20.5,21.25,20.37,21,962345
2010-07-23,21.19,21.56,21.06,21.29,654049
2010-07-26,21.5,21.5,20.3,20.95,922453
2010-07-27,20.91,21.18,20.26,20.55,619675
2010-07-28,20.55,20.9,20.51,20.72,467183
2010-07-29,20.77,20.88,20,20.35,615910
2010-07-30,20.2,20.44,19.55,19.94,426830
2010-08-02,20.5,20.97,20.33,20.92,719145
2010-08-03,21,21.95,20.82,21.95,1231023
2010-08-04,21.95,22.18,20.85,21.26,920756
2010-08-05,21.54,21.55,20.05,20.45,796380
2010-08-06,20.1,20.16,19.52,19.59,742138
2010-08-09,19.9,19.98,19.45,19.6,812656
2010-08-10,19.65,19.65,18.82,19.03,1281286
2010-08-11,18.69,18.88,17.85,17.9,797650
2010-08-12,17.8,17.9,17.39,17.6,691281
2010-08-13,18.18,18.45,17.66,18.32,634513
2010-08-16,18.45,18.8,18.26,18.78,486211
2010-08-17,18.96,19.4,18.78,19.15,447881
2010-08-18,19.59,19.59,18.6,18.77,601332
2010-08-19,18.54,19.25,18.33,18.79,579082
2010-08-20,18.65,19.11,18.51,19.1,297499
2010-08-23,19.09,20.39,19,20.13,1088029
2010-08-24,19.25,19.71,18.95,19.2,673074
2010-08-25,19.16,19.98,18.56,19.9,503289
2010-08-26,19.89,20.27,19.6,19.75,433736
2010-08-27,19.75,19.87,19.5,19.7,378145
2010-08-30,19.7,20.19,19.61,19.87,732731
2010-08-31,19.66,19.79,19.33,19.48,201012
2010-09-01,19.62,20.69,19.6,20.45,494885
2010-09-02,20.37,21.24,20.31,21.06,487060
2010-09-03,20.87,21.3,20.66,21.05,425956
2010-09-07,20.61,21,20.5,20.54,243335
2010-09-08,20.66,20.95,20.6,20.9,288382
2010-09-09,21,21.05,20.69,20.71,376197
2010-09-10,20.75,20.93,19.76,20.17,385689
2010-09-13,20.89,20.9,20.5,20.72,360703
2010-09-14,20.54,21.6,20.53,21.12,654629
2010-09-15,20.98,22,20.79,21.98,684558
2010-09-16,22.15,23.16,20.84,20.94,2685480
2010-09-17,21.02,21.32,19.8,20.23,1174860
2010-09-20,20.67,21.35,20.16,21.05,947475
2010-09-21,20.89,21.55,20.67,20.77,796000
2010-09-22,20.87,20.95,19.8,19.87,962816
2010-09-23,19.89,20.14,19.5,19.56,668076
2010-09-24,19.95,20.19,19.65,20.1,573187
2010-09-27,20.4,20.81,20.05,20.53,418597
2010-09-28,21.04,21.49,20.76,21.4,1214465
2010-09-29,21.19,22.03,21.13,21.98,1969457
2010-09-30,22,22.15,20.19,20.41,2196625
2010-10-01,20.69,20.75,20.31,20.6,522518
2010-10-04,20.43,21.17,20.3,20.99,643599
2010-10-05,21.15,21.28,21.01,21.12,331936
2010-10-06,21.06,21.26,20.32,20.46,313357
2010-10-07,20.57,20.64,20.34,20.43,140920
2010-10-08,20.43,20.79,20.39,20.43,266219
2010-10-11,20.44,20.7,20.07,20.24,171194
2010-10-12,20.2,20.28,20.03,20.24,243912
2010-10-13,20.64,20.85,20.36,20.54,319200
2010-10-14,21,21.03,20.4,20.75,294620
2010-10-15,20.89,20.9,20.25,20.54,283045
2010-10-18,20.52,20.64,20.22,20.23,162729
2010-10-19,20.2,20.41,20,20.05,245127
2010-10-20,20.16,20.69,20.04,20.65,312444
2010-10-21,20.61,20.95,20.45,20.75,417099
2010-10-22,20.68,20.93,20.55,20.72,161021
2010-10-25,20.94,20.98,20.73,20.85,118614
2010-10-26,20.8,21.87,20.51,21.36,660841
2010-10-27,21.25,21.38,20.65,21,356500
2010-10-28,21.39,21.5,20.96,21.19,224190
2010-10-29,21.14,21.85,21.05,21.84,278955
2010-11-01,21.94,22.75,21.31,21.41,455784
2010-11-02,21.68,21.88,21.05,21.25,322465
2010-11-03,21.28,22.5,21.16,21.77,374199
2010-11-04,22.6,25.33,22.15,24.9,1874801
2010-11-05,24.87,24.97,23.72,24.44,987386
2010-11-08,24.5,25,24.03,24.98,509375
2010-11-09,25,25.69,24.05,24.63,956649
2010-11-10,24.48,29.97,24.05,29.36,3061038
2010-11-11,28.6,29.1,27.33,28.04,1944794
2010-11-12,28.25,30.5,28.07,29.84,2668613
2010-11-15,30.22,32.94,30.22,30.8,2624233
2010-11-16,31,31.4,28.42,29.67,1347531
2010-11-17,30.2,30.75,28.61,29.49,749941
2010-11-18,30.67,30.74,28.92,29.89,956248
2010-11-19,30.16,31.37,8.03,30.99,1145553
2010-11-22,31.57,33.45,31.5,33.4,1529622
2010-11-23,33.29,35.68,32.19,34.57,1577970
2010-11-24,35.27,35.97,34.33,35.47,1424959
2010-11-26,35.6,36,34.75,35.32,342754
2010-11-29,35.41,35.95,33.33,34.33,1145543
2010-11-30,33.74,35.33,33.41,35.33,2222558
2010-12-01,35.87,36.42,33.45,34.35,1299175
2010-12-02,34.01,34.3,31.2,32.35,2006967
2010-12-03,32.01,32.25,30.87,31.49,1103490
2010-12-06,31.35,31.45,29.56,30.31,1274375
2010-12-07,30.49,32.4,30.05,31.56,1311548
2010-12-08,32.48,32.49,31.52,32.37,659980
2010-12-09,32.51,32.72,31.65,32.05,405983
2010-12-10,32.05,32.92,31.13,31.52,427581
2010-12-13,31.64,31.77,30.4,30.55,410331
2010-12-14,30.29,30.39,27.76,28.53,1765685
2010-12-15,28.67,29.97,28.53,29.6,742900
2010-12-16,30,30.91,29.65,30.81,790070
2010-12-17,31.34,31.54,30.71,31.36,674955
2010-12-20,31.64,32.19,31.26,31.7,523320
2010-12-21,31.8,32.69,31.71,32.26,777678
2010-12-22,32.25,32.86,31.7,32.63,833256
2010-12-23,31.26,32.48,29.92,30.09,1552525
2010-12-27,28.02,28.58,25.06,25.55,9301929
2010-12-28,25.85,26.75,25,26.41,4056270
2010-12-29,27.03,28.01,26.5,27.73,3319430
2010-12-30,27.7,27.9,26.38,26.5,2041067
2010-12-31,26.78,27,26.5,26.63,1211883
2011-01-03,26.84,27,25.9,26.62,1282904
2011-01-04,26.66,26.95,26.02,26.67,1189071
2011-01-05,26.48,26.9,26.19,26.83,1446869
2011-01-06,26.81,28,26.81,27.88,2061117
2011-01-07,28,28.58,27.9,28.24,1513883
2011-01-10,28.15,28.68,28.05,28.45,1342612
2011-01-11,28.59,28.71,26.92,26.96,1710701
2011-01-12,27.01,27.4,26.52,26.96,964722
2011-01-13,26.96,26.97,26.16,26.22,723522
2011-01-14,26.13,26.58,25.61,25.75,1138119
2011-01-18,25.48,25.64,24.75,25.64,1622539
2011-01-19,25.45,25.47,23.75,24.03,2371514
2011-01-20,24.03,24.45,22.37,22.62,2279858
2011-01-21,23.24,23.59,22.71,23.04,1148866
2011-01-24,23.53,24.81,23.23,24.49,1645189
2011-01-25,24.65,24.89,24.02,24.68,1271457
2011-01-26,24.71,24.88,24.1,24.75,1079867
2011-01-27,24.74,25.08,24.53,24.92,895655
2011-01-28,24.81,24.85,23.75,24.01,1005445
2011-01-31,24.05,24.12,23.5,24.1,831151
2011-02-01,24.31,24.73,23.54,23.91,707791
2011-02-02,24.16,24.18,23.67,23.94,569472
2011-02-03,23.82,23.9,23.15,23.63,512067
2011-02-04,23.67,23.67,23.22,23.46,535918
2011-02-07,23.26,23.26,22.88,23.07,895011
2011-02-08,23.78,25.25,23,24.49,3505183
2011-02-09,24.13,24.18,22.79,23.21,2635862
2011-02-10,23.26,23.64,22.81,23.21,836020
2011-02-11,23.25,23.75,22.94,23.25,616591
2011-02-14,23.64,24.14,23.05,23.08,1283104
2011-02-15,23.01,23.17,22.56,22.84,955606
2011-02-16,23.1,24.97,23.07,24.73,4115306
2011-02-18,23.33,23.49,22.96,23.18,2317627
2011-02-22,22.85,23,21.78,21.87,2064540
2011-02-23,22.18,22.5,21.11,21.83,1605508
2011-02-24,21.78,22.58,21.5,22.53,1055450
2011-02-25,22.74,23.85,22.69,23.61,1347257
2011-02-28,23.73,24.1,23.5,23.89,1051106
2011-03-01,24.05,24.32,23.7,23.94,1106350
2011-03-02,23.82,24.28,23.73,24.02,663294
2011-03-03,24.48,24.79,24.06,24.36,640140
2011-03-04,24.46,24.99,23.78,24.95,1580100
2011-03-07,24.89,25.4,24.7,24.94,2033531
2011-03-08,24.6,24.96,24,24.66,1399851
2011-03-09,24.66,24.99,24.27,24.72,924721
2011-03-10,24.43,24.49,23.73,24.01,1016947
2011-03-11,23.85,24.25,23.53,24.07,930794
2011-03-14,23.82,24,23.2,23.25,1165971
2011-03-15,22.16,22.96,21.8,22.95,1318869
2011-03-16,22.86,23.25,22.69,22.82,1169676
2011-03-17,23.24,23.43,22.64,22.81,922504
2011-03-18,23.19,23.19,22.51,22.96,687823
2011-03-21,23.01,23.05,22.54,22.73,411650
2011-03-22,22.74,22.86,22,22.19,582813
2011-03-23,22.11,22.27,21.77,22.21,422793
2011-03-24,22.14,22.38,21.98,22.33,462160
2011-03-25,22.45,23,22.4,22.75,567922
2011-03-28,22.7,23.54,22.55,23.25,1058018
2011-03-29,23.31,24,23.21,23.92,755591
2011-03-30,24.11,24.49,23.01,23.71,1223277
2011-03-31,26.5,28.71,26.5,27.75,11519981
2011-04-01,27.7,28.18,26.57,26.66,2864787
2011-04-04,26.78,27,25.23,25.83,2609227
2011-04-05,25.9,27,25.69,26.7,3181627
2011-04-06,27,27.01,25.8,26.49,1288297
2011-04-07,26.85,27.94,26.45,27.24,2810766
2011-04-08,27.58,27.6,26.36,26.49,1946352
2011-04-11,26.47,26.53,25.02,25.27,1369940
2011-04-12,25.08,25.21,24.3,24.65,1357401
2011-04-13,25.13,25.69,24.81,24.93,1211444
2011-04-14,24.84,25.28,24.2,25.14,983382
2011-04-15,25.65,26.18,25.41,25.58,943451
2011-04-18,25.13,25.62,24.36,25.03,1033871
2011-04-19,25.26,25.26,24.65,25.16,548693
2011-04-20,25.7,26.09,25.3,25.75,837169
2011-04-21,25.84,26.98,25.59,26.74,1386053
2011-04-25,26.7,26.73,25.97,26.39,800839
2011-04-26,26.66,27.25,26.31,26.93,1372343
2011-04-27,26.93,27.36,26.63,27.08,996901
2011-04-28,27.07,27.69,26.72,27.66,1644897
2011-04-29,27.69,27.87,27.42,27.6,726240
2011-05-02,27.6,27.8,27.06,27.45,784560
2011-05-03,27.38,27.39,26.5,26.87,913965
2011-05-04,26.78,27,25.75,26.69,1044699
2011-05-05,27.25,27.44,26.17,26.44,1219449
2011-05-06,26.99,27.7,26.62,27.12,981606
2011-05-09,27,28,26.85,27.91,914803
2011-05-10,28.24,28.95,27.91,28.33,1535468
2011-05-11,28.2,28.3,26.92,27.07,962565
2011-05-12,27.07,27.74,26.65,27.67,627740
2011-05-13,28,28.19,27.3,27.55,661577
2011-05-16,27.99,27.99,26.55,26.6,755622
2011-05-17,27,27,25.72,25.96,1234156
2011-05-18,26.1,26.47,25.52,26.35,729407
2011-05-19,27,28.44,26.6,28.2,2655067
2011-05-20,28.25,28.28,27.35,27.97,842534
2011-05-23,27.54,27.62,26.62,26.82,863548
2011-05-24,27.02,27.5,26.6,26.72,613673
2011-05-25,26.9,29.01,26.17,28.98,4693149
2011-05-26,28.82,29.76,28.1,29.48,3336891
2011-05-27,29.54,29.67,28.82,29.55,1687069
2011-05-31,29.69,30.28,29.55,30.14,3290183
2011-06-01,30,30.1,28.38,28.52,1529896
2011-06-02,28.52,29.32,28.51,28.76,986294
2011-06-03,29.95,31.5,29.5,30.13,6209334
2011-06-06,30.1,30.13,28.26,28.7,2331017
2011-06-07,28.94,29.39,28.26,28.37,1222099
2011-06-08,28.41,28.6,27.02,27.12,1695836
2011-06-09,27.43,28.1,27.1,27.62,1603120
2011-06-10,27.52,28.3,27.35,27.86,1566532
2011-06-13,28.07,28.88,27.88,28.43,1713641
2011-06-14,28.54,29.7,28.52,28.6,1573310
2011-06-15,28.44,28.45,27.07,27.32,1346579
2011-06-16,27.67,28,25.74,26.5,1842124
2011-06-17,26.87,27.7,26.14,26.5,1697936
2011-06-20,26.29,26.46,25.5,26.01,1537709
2011-06-21,26.24,27.73,26,27.53,1496563
2011-06-22,27.53,28.25,27.1,27.21,1475533
2011-06-23,27.2,27.72,26.21,27.71,1169990
2011-06-24,27.69,27.97,27.26,27.57,3326368
2011-06-27,27.73,28.28,27.31,27.46,1809367
2011-06-28,27.79,28.25,27.67,28.11,889132
2011-06-29,28.5,29.09,28.07,28.29,1459208
2011-06-30,28.6,29.33,28.4,29.13,946654
2011-07-01,29.07,29.6,28.8,29.02,854839
2011-07-05,29.19,29.52,28.71,29.14,995989
2011-07-06,29.14,29.14,28.55,28.96,926889
2011-07-07,29.14,30,29.01,29.73,1289485
2011-07-08,29.89,29.89,28.59,28.81,1240580
2011-07-11,28.4,28.53,28,28.35,975703
2011-07-12,28.37,29.09,28,28.17,1045306
2011-07-13,28.44,29.03,27.9,28.64,1065942
2011-07-14,28.96,28.96,27.25,27.61,1159131
2011-07-15,27.79,27.83,27.4,27.58,708954
2011-07-18,27.34,27.45,26.63,27.23,851877
2011-07-19,27.58,28.11,27.54,27.89,1026048
2011-07-20,28,30.44,27.8,28.69,3022479
2011-07-21,28.91,29.16,28.1,28.7,1012006
2011-07-22,28.7,29.54,28.55,29.29,583868
2011-07-25,29.01,29.25,28.44,28.49,673391
2011-07-26,28.31,28.77,27.97,28,760532
2011-07-27,28.5,28.5,27.51,27.64,958403
2011-07-28,27.6,28.55,27.54,28.17,906356
2011-07-29,27.73,28.4,27.5,28.17,948127
2011-08-01,28.67,28.98,28.21,28.77,1164822
2011-08-02,28.69,29.2,27.27,27.34,1546120
2011-08-03,27.5,27.83,26.34,27.2,1800828
2011-08-04,26.51,26.89,24.67,24.75,3065183
2011-08-05,24.99,25.38,22.83,24.24,1964055
2011-08-08,23.16,24.44,23.1,23.64,2608472
2011-08-09,24.4,25.45,23.7,25.06,1333382
2011-08-10,25.4,25.44,23.63,23.82,1560047
2011-08-11,24.04,25.75,24,25.3,829884
2011-08-12,25.6,27.14,25.36,26.31,1009020
2011-08-15,26.62,26.75,25.93,26.23,645358
2011-08-16,26.13,26.54,25.83,26.1,537688
2011-08-17,26.39,26.65,25.51,25.83,643672
2011-08-18,25,25.15,23.47,24.26,1056569
2011-08-19,23.8,24.22,22,22.3,1375277
2011-08-22,23.11,23.8,21.68,21.95,986081
2011-08-23,21.93,23.11,21.5,22.96,868968
2011-08-24,23.1,23.93,22.83,23.87,684238
2011-08-25,23.87,23.87,22.9,23.11,679740
2011-08-26,22.71,23.95,22.07,23.73,761756
2011-08-29,24.22,24.85,24.02,24.71,803302
2011-08-30,24.5,24.77,24.09,24.63,366159
2011-08-31,24.8,25.5,24.28,24.74,823735
2011-09-01,24.66,24.87,23.84,24,848085
2011-09-02,23.76,23.76,22.68,23.07,679205
2011-09-06,22.5,23.2,22.29,22.94,809760
2011-09-07,23.42,24,23.28,23.84,459186
2011-09-08,23.58,24.03,23.28,23.61,505697
2011-09-09,23.37,23.57,22.55,22.97,669263
2011-09-12,22.89,23.31,22.45,22.88,566571
2011-09-13,23.01,24.1,22.75,24.08,726461
2011-09-14,24.34,24.84,23.79,24.34,830777
2011-09-15,24.58,24.93,24.33,24.82,562512
2011-09-16,24.49,25.84,24.49,25.8,1417074
2011-09-19,24.93,25.81,23.82,25.77,1071063
2011-09-20,25.77,26.6,25.67,26.01,1180351
2011-09-21,25.95,26.95,25.7,25.85,987577
2011-09-22,25.64,26.11,24.88,25.63,775802
2011-09-23,25.42,26.62,25.35,26.38,1156328
2011-09-26,26.5,26.52,24.9,25.52,934715
2011-09-27,26,26.99,25.57,26.19,674429
2011-09-28,26,26.5,24.51,24.59,723206
2011-09-29,25.72,25.82,23.55,24.12,929545
2011-09-30,24.8,24.89,23.49,24.39,1336054
2011-10-03,24.95,25,23.25,23.73,1023130
2011-10-04,23.29,24.32,22.93,23.66,1200214
2011-10-05,24.03,25.83,23.35,25.37,1229414
2011-10-06,25.48,27.6,25.02,26.96,1769026
2011-10-07,27,27.6,26.05,26.99,1092685
2011-10-10,27.35,28.18,27,27.88,923416
2011-10-11,27.51,27.77,27.09,27.61,575603
2011-10-12,27.25,28,27.2,27.8,1123364
2011-10-13,27.73,28.47,27.44,27.94,1043413
2011-10-14,28.01,28.55,27.26,28.05,1400469
2011-10-17,27.86,28,27.26,27.42,754439
2011-10-18,27.3,28.43,26.71,28.34,999690
2011-10-19,28.06,28.06,27.3,27.57,792850
2011-10-20,27.44,27.47,27,27.34,999647
2011-10-21,27.4,28.3,27.01,28.03,1142550
2011-10-24,27.87,28.89,27.75,28.55,920776
2011-10-25,28.23,28.86,27.8,28.25,654371
2011-10-26,28.25,28.37,27.4,27.98,510479
2011-10-27,28.34,28.95,28.11,28.76,869335
2011-10-28,28.45,30,28.01,29.87,1263973
2011-10-31,29.5,29.51,28.75,29.37,1133969
2011-11-01,28.4,28.92,28,28.88,635775
2011-11-02,29,29.26,28.25,28.71,875521
2011-11-03,30,32.49,29.53,32.46,2510603
2011-11-04,31.46,32.4,30.51,32.31,3033107
2011-11-07,31.64,32,30.75,31.27,1266269
2011-11-08,31.37,32,30.72,31.84,1167830
2011-11-09,30.87,31.49,30.3,30.88,890257
2011-11-10,30.94,31.5,30.65,31.33,747273
2011-11-11,31.9,34.5,30.57,33.64,3868276
2011-11-14,33,33.54,32.62,33.22,1325656
2011-11-15,32.92,34.4,32.73,33.93,890905
2011-11-16,33.48,35,33.4,34.94,1833136
2011-11-17,34.5,34.9,33.19,33.68,1349265
2011-11-18,33.64,34.11,32.54,32.6,902729
2011-11-21,32.29,32.44,31.05,31.76,1031524
2011-11-22,31.76,32.79,31.05,32.07,732518
2011-11-23,31.76,32.05,31.25,31.45,451713
2011-11-25,31.86,32.41,31.08,31.66,239595
2011-11-28,32,33.28,31.81,32.56,681124
2011-11-29,32.5,33.07,31.63,31.75,591054
2011-11-30,32.72,32.93,32.22,32.74,760265
2011-12-01,32.57,33.99,31.98,32.6,1030108
2011-12-02,32.83,33.69,32.4,33.3,802718
2011-12-05,33.53,35,33.43,34.42,1160050
2011-12-06,34.2,34.98,34.03,34.87,951710
2011-12-07,34.63,34.89,33.8,34.19,674244
2011-12-08,30.84,31.65,29.61,30.89,3305945
2011-12-09,30.54,31.12,30.28,31.04,1239444
2011-12-12,30.44,30.62,30.02,30.41,758657
2011-12-13,30.57,30.93,28.91,29.45,994015
2011-12-14,29.5,29.68,28,28.53,1163840
2011-12-15,28.86,29.17,28.12,28.62,646962
2011-12-16,28.75,28.93,27.98,28,1029605
2011-12-19,28.11,28.5,27.37,27.75,986952
2011-12-20,28.05,28.45,27.72,27.9,843281
2011-12-21,27.91,28.07,26.03,27.57,1705407
2011-12-22,27.6,28.05,27.3,27.77,1009302
2011-12-23,28,28,27.52,27.9,591390
2011-12-27,27.66,28.77,27.64,28.57,777403
2011-12-28,28.99,29.24,28.04,28.51,575138
2011-12-29,28.59,29.34,28.55,28.73,488150
2011-12-30,28.49,28.98,28.25,28.56,339860
2012-01-03,28.94,29.5,27.65,28.08,928052
2012-01-04,28.21,28.67,27.5,27.71,616466
2012-01-05,27.76,27.93,26.85,27.12,1005432
2012-01-06,27.25,27.79,26.41,26.91,986287
2012-01-09,27,27.49,26.12,27.25,896951
2012-01-10,27.44,27.76,27.25,27.62,671732
2012-01-11,27.62,28.38,27.3,28.23,672239
2012-01-12,28.27,28.62,27.81,28.25,729300
2012-01-13,28.45,28.5,22.64,22.79,5502953
2012-01-17,26.66,27.34,26.41,26.6,4651391
2012-01-18,26.69,26.88,26.25,26.81,1260183
2012-01-19,27.02,27.74,26.61,26.76,1246222
2012-01-20,26.92,27,26.4,26.6,647789
2012-01-23,26.81,27.21,26.6,26.77,594533
2012-01-24,26.63,27.68,26.44,27.42,857914
2012-01-25,27.27,28.01,27.05,27.97,611112
2012-01-26,28,29.58,28,28.94,1271028
2012-01-27,28.5,29.72,28.5,29.33,748361
2012-01-30,29.48,29.61,28.53,29.57,690147
2012-01-31,29.88,30,28.87,29.07,956413
2012-02-01,29.13,29.7,29,29.58,523169
2012-02-02,29.72,30.88,29.6,30.25,791484
2012-02-03,30.41,31.33,30.25,31.15,764418
2012-02-06,31.1,31.9,31.05,31.8,652161
2012-02-07,31.8,31.8,30.82,31.6,939315
2012-02-08,31.61,32.01,31.29,31.93,623626
2012-02-09,32,32.9,31.43,32.58,1277476
2012-02-10,32.26,32.27,29.84,31.1,1876975
2012-02-13,31.55,32.06,30.9,31.49,1157858
2012-02-14,31.64,33.79,31.4,33.17,1810775
2012-02-15,33.1,34.41,32.27,33.6,2689141
2012-02-16,33.5,34.51,32.54,34.19,2078550
2012-02-17,33.99,34.97,33.5,34.97,1376645
2012-02-21,34.87,34.87,33.81,34.5,1135788
2012-02-22,34.5,34.72,32.5,34.22,1654985
2012-02-23,33.99,34.97,33.56,34.53,820345
2012-02-24,34.49,34.52,33.27,33.75,959866
2012-02-27,33.41,34,33,33.62,605953
2012-02-28,33.69,34.44,33.17,33.81,612183
2012-02-29,33.81,34.12,33.14,33.41,535684
2012-03-01,33.51,34.5,33.31,34.41,703435
2012-03-02,34.26,34.5,33.71,34.04,549971
2012-03-05,34.16,34.4,33.46,33.77,466938
2012-03-06,33.25,33.28,32.62,33.11,573749
2012-03-07,33.11,33.3,32.91,33.12,274729
2012-03-08,33.11,33.49,33.04,33.07,633267
2012-03-09,33.2,35.31,33.2,34.74,1553323
2012-03-12,34.69,36.29,34.6,36.01,1964520
2012-03-13,36.5,36.59,35.5,36.09,1001643
2012-03-14,36,36,34.8,35.29,851464
2012-03-15,35.28,35.48,34.78,35,571596
2012-03-16,34.99,35.89,34.83,35.32,640092
2012-03-19,35.26,35.32,34.54,34.98,1015586
2012-03-20,34.98,35.2,34.57,34.96,567001
2012-03-21,34.94,35.3,34.6,35.15,607103
2012-03-22,34.97,35.15,34.3,34.4,458759
2012-03-23,34.43,34.63,33.15,34.08,1170567
2012-03-26,35.6,38.09,35.04,37.4,3140891
2012-03-27,37.16,39.95,37.03,37.94,2540053
2012-03-28,37.79,38.44,37.11,37.85,954970
2012-03-29,38.19,38.19,37.03,37.33,796335
2012-03-30,37.74,37.94,36.68,37.24,886312
2012-04-02,37.33,37.97,36.53,36.58,1028504
2012-04-03,36.72,38.47,36.67,38.01,1101420
2012-04-04,35.27,35.49,34.69,35,4481725
2012-04-05,35.1,35.44,34.68,34.71,1007764
2012-04-09,34.1,34.29,33.1,33.15,1555475
2012-04-10,33.15,33.85,32.1,32.46,1847669
2012-04-11,33.24,33.29,32.01,33.09,1105447
2012-04-12,33.77,34.48,32.92,33.44,1033804
2012-04-13,33.94,34.04,32.85,33.59,649580
2012-04-16,33.58,33.7,32.09,32.25,1099751
2012-04-17,32.43,33.07,32.04,32.24,1115538
2012-04-18,32.09,32.75,31.53,32.66,823096
2012-04-19,32.75,33.43,32.5,33.16,774878
2012-04-20,33.14,33.73,32.94,33.16,821774
2012-04-23,32.86,32.97,31.71,31.94,890715
2012-04-24,31.82,32.2,31,31.82,674467
2012-04-25,32.07,32.99,32.07,32.91,712133
2012-04-26,32.96,33.52,32.91,33.49,425719
2012-04-27,33.6,33.63,32.91,33.34,590905
2012-04-30,33.27,33.36,32.58,33.13,413848
2012-05-01,33.13,34.21,33.13,33.78,683198
2012-05-02,33.5,34.39,33.39,33.94,497251
2012-05-03,33.91,34,32.13,32.46,842107
2012-05-04,32.32,32.46,31.4,31.83,1247486
2012-05-07,31.96,32.58,31.61,32.47,1157969
2012-05-08,32.5,32.73,29.37,30.19,3133152
2012-05-09,30.3,30.77,29.76,30.06,1935993
2012-05-10,32.97,34.68,32.4,32.96,5638084
2012-05-11,32.49,33.44,32.16,32.25,1221205
2012-05-14,31.92,32.13,30.05,30.06,1408827
2012-05-15,30.26,30.96,29.22,29.43,1585682
2012-05-16,29.58,30.18,28.88,29.18,1271533
2012-05-17,29.3,29.79,28.24,28.57,1020136
2012-05-18,28.37,28.46,26.83,27.56,1616487
2012-05-21,27.58,29.26,27.12,28.77,1528559
2012-05-22,30.1,31.34,30,30.79,2366170
2012-05-23,30.56,31.05,29.5,31.02,1242790
2012-05-24,31.25,31.25,29.69,30.32,1013975
2012-05-25,30.16,30.41,29.2,29.81,757009
2012-05-29,30.01,31.93,30.01,31.69,1649917
2012-05-30,31.08,31.42,30.24,30.41,1307141
2012-05-31,30.07,30.29,28.75,29.5,1118701
2012-06-01,28.53,29.16,27.76,28.15,885710
2012-06-04,28.03,28.41,27.11,27.88,1030834
2012-06-05,27.84,28.39,27.56,27.91,630885
2012-06-06,28.2,29.45,28.14,29.15,889102
2012-06-07,29.81,29.87,28.85,28.93,492015
2012-06-08,28.86,30.19,28.15,30.08,881209
2012-06-11,30.31,31,28.96,29.12,635947
2012-06-12,29.23,29.84,28.81,29.66,568994
2012-06-13,29.55,30.64,29.47,29.77,844371
2012-06-14,30.18,30.65,28.62,29.39,872161
2012-06-15,29.39,29.95,28.81,29.91,646737
2012-06-18,29.94,32.33,29.5,31.84,1256796
2012-06-19,32.02,32.66,31.5,32.09,911029
2012-06-20,33.5,34.5,33.21,33.78,3422342
2012-06-21,34.26,34.28,31.84,32.19,1891895
2012-06-22,32.6,33.98,32.46,33.79,3047452
2012-06-25,33.95,34.12,32.75,33.11,1378636
2012-06-26,32.05,32.35,31.39,31.61,2613849
2012-06-27,31.9,32.45,31.57,31.96,1047194
2012-06-28,31.9,32.11,30.62,31.41,914040
2012-06-29,32.8,32.8,31,31.29,1125704
2012-07-02,31.35,31.8,30.19,30.4,1315534
2012-07-03,30.6,31,30.4,30.66,947128
2012-07-05,30.81,31.67,30.8,31.23,1253766
2012-07-06,30.99,31.73,30.8,30.99,784461
2012-07-09,30.94,31.83,30.67,31.49,910409
2012-07-10,31.54,32.48,30.89,31.27,758352
2012-07-11,31.57,31.68,31.01,31.51,638516
2012-07-12,31.29,33.01,30.8,32.7,1125670
2012-07-13,32.97,34.4,32.83,34.25,1304712
2012-07-16,34.32,36,33.9,35.96,1743900
2012-07-17,35,35.21,32.38,33.35,2569213
2012-07-18,31.42,33.67,31.06,32.15,2882084
2012-07-19,32.72,33.15,32.04,32.27,1435878
2012-07-20,32.07,32.25,31.25,31.79,1568466
2012-07-23,31.05,31.3,30.62,30.66,1386743
2012-07-24,30.66,31.04,29.62,29.84,1500426
2012-07-25,29.92,29.98,28.75,28.95,2843016
2012-07-26,29.9,30,27.64,28.13,2263005
2012-07-27,28.71,29.66,28.1,29.51,1672968
2012-07-30,29.51,30.25,27.21,27.35,2066040
2012-07-31,27.54,27.97,27.35,27.42,1575060
2012-08-01,27.99,27.99,26.03,26.25,1592217
2012-08-02,26.84,26.85,25.52,26.1,1305016
2012-08-03,26.9,27.55,26.74,27.27,1209470
2012-08-06,27.55,28.7,27.55,28.27,1528169
2012-08-07,28.77,30.9,28.5,30.25,2387304
2012-08-08,29.9,30,28.59,29.09,1308895
2012-08-09,29.52,30,29.13,29.41,672584
2012-08-10,29.31,29.94,29.31,29.94,707390
2012-08-13,29.69,31.3,29.101,31.17,870050
2012-08-14,30.75,31.17,29.26,29.42,793336
2012-08-15,29.39,29.7,28.81,29.4,525385
2012-08-16,29.53,30.39,29.5,30.3,668973
2012-08-17,30.29,30.71,29.98,30.01,508122
2012-08-20,30.15,30.39,29.1,29.51,1179008
2012-08-21,29.58,30,29,29.11,761516
2012-08-22,29.01,30.04,29.01,29.95,775490
2012-08-23,30,30.85,29.65,30.73,1470974
2012-08-24,30.06,30.24,29.41,29.5,1430011
2012-08-27,29.57,29.7,28.17,28.32,1350325
2012-08-28,28.4,29.375,28,28.69,1402656
2012-08-29,28.49,28.64,28.02,28.41,838883
2012-08-30,28.6,28.74,28.1,28.41,656307
2012-08-31,28.61,28.84,28.2,28.52,539736
2012-09-04,28.52,28.99,27.9,28.14,752496
2012-09-05,28.01,28.5,27.81,27.94,639227
2012-09-06,28,28.9,27.9,28.55,841643
2012-09-07,28.55,29.57,28.5,29.35,953151
2012-09-10,29.2,29.35,27.3,27.37,1483215
2012-09-11,27.76,28.16,27.4,27.8,1014871
2012-09-12,27.9,28.58,27.8,28.28,1145134
2012-09-13,28.57,29.5,28.48,29.48,1485359
2012-09-14,30,30.65,29.65,30.39,1536569
2012-09-17,32.35,32.78,31.51,32.54,3212900
2012-09-18,31.88,31.9,30.68,31.34,1788480
2012-09-19,30.99,31.74,30.94,31.05,1048457
2012-09-20,30.93,31.5,30.68,30.9,912372
2012-09-21,31.1,31.49,29.54,30.02,1869970
2012-09-24,29.51,31.03,29.4,30.66,1301804
2012-09-25,28.62,29.48,27.53,27.66,5683952
2012-09-26,27.66,28.4,27.48,27.54,1527320
2012-09-27,27.82,28.54,27.6,28.49,1758553
2012-09-28,28.73,29.89,28.61,29.28,4343338
2012-10-01,29.5,29.89,29,29.16,884305
2012-10-02,29.34,29.89,29,29.8,728969
2012-10-03,29.75,29.95,29.24,29.3,1052788
2012-10-04,30,30.1,28.65,29.4,1541207
2012-10-05,29.7,29.81,28.68,28.89,938670
2012-10-08,28.86,29.4,28.61,29.25,890006
2012-10-09,29.12,29.12,28.25,28.37,1192979
2012-10-10,28.39,28.72,28.01,28.4,505063
2012-10-11,28.94,28.98,28.25,28.32,450571
2012-10-12,28.32,28.73,27.5,27.64,987535
2012-10-15,28.02,28.05,26.86,27.33,1468667
2012-10-16,27.67,28.09,27.34,28.06,479248
2012-10-17,28.25,28.84,27.8,28.819,667963
2012-10-18,28.99,28.99,27.78,28.04,740947
2012-10-19,27.83,28.2,27.3,27.74,1027302
2012-10-22,27.99,28,27.36,27.85,470198
2012-10-23,27.38,28.56,27.37,28.39,749273
2012-10-24,28.52,28.52,27.25,27.42,1016368
2012-10-25,27.8,27.8,27.45,27.52,577686
2012-10-26,27.53,27.8,27.02,27.38,477305
2012-10-31,27.7,28.35,27.37,28.131,775142
2012-11-01,28.25,29.49,28.2,29.245,1024054
2012-11-02,29.27,29.55,28.55,28.918,1030265
2012-11-05,29.8,31.58,29.33,31.5,2048867
2012-11-06,30.61,31.2,29.95,31.15,2323943
2012-11-07,31,32.05,30.81,31.54,1714469
2012-11-08,31.02,31.88,30.94,31.31,1273986
2012-11-09,30.6,30.93,29.85,30.32,862928
2012-11-12,30.29,31.42,30.16,31.07,555896
2012-11-13,31.29,32,30.72,31.614,998263
2012-11-14,31.96,32.12,31.2,31.38,871315
2012-11-15,31.3,31.44,30.5,30.82,983941
2012-11-16,31.01,32,30.59,31.84,908600
2012-11-19,32.07,33.25,31.84,32.92,1392368
2012-11-20,32.9,33.1,31.91,33,922427
2012-11-21,32.61,33.47,32.286,32.47,963133
2012-11-23,32.6,32.83,31.7,32.13,430212
2012-11-26,32.11,32.3,31.62,32.27,496219
2012-11-27,32.1,32.66,31.52,32.15,910770
2012-11-28,32.148,34.29,31.91,33.21,1287699
2012-11-29,33.44,34,32.87,33.69,1103315
2012-11-30,33.63,34.28,33.01,33.82,1420284
2012-12-03,33.89,35,33.5,34.62,2085753
2012-12-04,34.29,34.8,33.55,33.9,1264211
2012-12-05,33.82,34.19,33.58,33.71,661486
2012-12-06,33.82,34.8,33.5,33.9,660397
2012-12-07,34.3,34.49,33.85,34.17,664386
2012-12-10,34.43,34.8,34.18,34.57,929751
2012-12-11,34.6,35.5,34.46,35.28,1572310
2012-12-12,35.21,35.8,34.95,35.26,2063877
2012-12-13,35.26,35.3,32.75,33.61,2151224
2012-12-14,33.78,34.4,33.59,33.81,1022943
2012-12-17,33.77,34.5,33.75,34.4,824809
2012-12-18,34.26,35.07,34.26,34.59,1554336
2012-12-19,34.85,35.26,34.52,34.61,1298731
2012-12-20,34.51,34.788,34.05,34.43,921194
2012-12-21,33.93,34.17,33.58,34,1492306
2012-12-24,33.64,34.35,33.55,34.28,375796
2012-12-26,33.96,34.5,33.5,33.59,601784
2012-12-27,33.5,33.91,33,33.69,561085
2012-12-28,33.38,33.65,33.02,33.22,414035
2012-12-31,33,33.97,33,33.87,594846
2013-01-02,34.74,35.45,34.705,35.36,1194710
2013-01-03,35.18,35.45,34.75,34.77,741941
2013-01-04,34.8,34.8,33.92,34.4,673993
2013-01-07,34.61,34.8,33.9,34.34,441909
2013-01-08,34.5,34.5,33.11,33.68,1283985
2013-01-09,34.01,34.19,33.4,33.64,697979
2013-01-10,33.87,33.99,33.38,33.53,922405
2013-01-11,34.04,34.04,32.11,32.91,1563174
2013-01-14,33.08,33.38,32.85,33.26,925018
2013-01-15,33.11,34.25,33.08,33.9,1624389
2013-01-16,33.85,34.23,33.73,34.1,1378138
2013-01-17,34.16,34.85,33.92,34.38,1436604
2013-01-18,34.52,34.78,33.82,34.52,3555074
2013-01-22,34.56,35.55,34.26,35.19,1920131
2013-01-23,35.05,36.24,34.96,36,1564200
2013-01-24,36,37.72,35.84,36.99,1970389
2013-01-25,37,37.54,36.8,36.98,1287703
2013-01-28,36.86,38.71,36.86,38.03,1985992
2013-01-29,38.1,38.44,37.13,37.95,1426503
2013-01-30,37.85,38,37.43,37.52,968098
2013-01-31,37.87,37.87,36.93,37.51,901318
2013-02-01,38.17,38.5,37.62,38.3,1100590
2013-02-04,38.42,38.42,37.59,37.74,1127989
2013-02-05,38,38.65,37.68,38.13,1310192
2013-02-06,38.18,39.39,37.9,39.17,1893148
2013-02-07,39.19,39.68,38.95,39.48,1197521
2013-02-08,39.45,40,39.14,39.24,1139733
2013-02-11,37.98,39.15,37.5,38.42,3266148
2013-02-12,38.45,38.87,37.29,37.89,2261246
2013-02-13,38.07,39,38.05,38.45,966802
2013-02-14,38.64,38.75,38.21,38.3,990640
2013-02-15,38.5,38.51,36.95,37.04,2017949
2013-02-19,37.36,39.29,37.31,39.28,2701340
2013-02-20,39.3,39.65,38.46,38.54,3115080
2013-02-21,36.49,37.39,34.54,35.16,9037762
2013-02-22,35.72,36.39,35.6,36.11,2547831
2013-02-25,36.15,36.75,34.34,34.38,2889353
2013-02-26,34.46,34.96,33.8,34.43,2762900
2013-02-27,34.41,35.41,34.4,35.1,1959129
2013-02-28,35.89,36.1,34.37,34.83,1964893
2013-03-01,35,35.08,34.25,34.65,1546600
2013-03-04,34.77,35.83,34.7,35.58,1757660
2013-03-05,36,36.92,35.79,36.65,2086969
2013-03-06,37.01,37.88,36.97,37.69,1149925
2013-03-07,37.73,38.65,36.88,38.23,1158254
2013-03-08,38.06,39.44,37.36,38.47,912052
2013-03-11,38.87,39.44,38.65,39.1,1579440
2013-03-12,38.9,39.38,38.85,39.12,1275062
2013-03-13,39,39.49,38.81,38.98,821900
2013-03-14,38.9,38.91,36.77,36.85,2024459
2013-03-15,36.64,36.65,35.21,35.29,3279777
2013-03-18,35.3,36.06,34.92,35.15,1316336
2013-03-19,35.25,35.6,34.94,35.08,1098475
2013-03-20,35.26,36.07,35.16,35.95,1423684
2013-03-21,35.95,37.06,35.74,36.01,1146287
2013-03-22,36.2,36.8,36.2,36.62,446235
2013-03-25,37.1,38.52,36.77,37.53,2379354
2013-03-26,37.98,38.22,37.66,37.86,1808137
2013-03-27,37.94,38.38,37.31,38.16,1296283
2013-03-28,38.23,38.24,37.75,37.89,1158652
2013-04-01,42.36,46.68,41.7,43.93,14103314
2013-04-02,43.6,45.5,43.51,44.34,6636142
2013-04-03,43.15,43.47,40.21,41.1,5644995
2013-04-04,41.11,42.25,40.81,42.01,2264867
2013-04-05,42,42,40.5,41.37,1552389
2013-04-08,41.97,42.55,41.51,41.83,1679001
2013-04-09,41.8,41.83,40.33,40.5,1696036
2013-04-10,40.76,42.01,40.61,41.86,2121088
2013-04-11,42.06,44.55,41.75,43.59,3447662
2013-04-12,43.25,45.139,43.05,43.75,3149372
2013-04-15,43.5,43.8,42.51,43.3,1683184
2013-04-16,44.19,46.14,43.91,45.59,3180438
2013-04-17,45.45,45.95,44.54,45.45,2118428
2013-04-18,45.84,47.6,45.39,46.97,3368100
2013-04-19,47.46,49.88,47.07,47.83,3012136
2013-04-22,48.6,50.2,47.75,50.19,3939327
2013-04-23,51,52.92,50.66,51.01,3737450
2013-04-24,50.9,51.05,48.98,50.43,2629908
2013-04-25,50.5,52.4,50.5,52,2795935
2013-04-26,53.13,53.74,50.62,51.2,3622100
2013-04-29,51.54,54.99,51.2,54.94,3639662
2013-04-30,56,58.18,53.76,53.99,5522648
2013-05-01,55.99,55.99,53,53.28,2742778
2013-05-02,53.85,55.27,53.7,54.11,3050341
2013-05-03,56.47,56.47,54.5,54.55,3379403
2013-05-06,56.39,59.66,55.5,59.5,4481339
2013-05-07,62,62.37,55.12,55.51,9991945
2013-05-08,57.5,58.2,55.71,55.79,6562017
2013-05-09,70.12,75.77,63.69,69.4,28582756
2013-05-10,69.65,81,69.25,76.76,25084231
2013-05-13,80.99,88,79.15,87.8,22392386
2013-05-14,94.22,97.12,81.15,83.24,37149894
2013-05-15,81.8,86.88,78.11,84.84,16763009
2013-05-16,94.7,95,88.66,92.25,21599366
2013-05-17,92.5,94.44,87.5,91.5,19002905
2013-05-20,91.12,92.5,88.63,89.94,8337258
2013-05-21,88.5,89.99,85.28,87.59,8999781
2013-05-22,86.37,90.96,85.5,87.24,8568676
2013-05-23,84.81,93.01,83.05,92.73,12038683
2013-05-24,92.6,97.95,92,97.08,16117872
2013-05-28,101.55,110.75,100.3,110.33,19661852
2013-05-29,113.55,114.9,99,104.63,25079758
2013-05-30,102.46,109.54,101.2,104.95,16135595
2013-05-31,106.26,106.44,97.73,97.76,15167094
2013-06-03,97.62,97.62,88.25,92.59,19141578
2013-06-04,92.75,96.42,92.4,94.84,8837872
2013-06-05,93.66,97.97,89.11,95.37,12213547
2013-06-06,95.25,99.27,95.11,97.35,9512194
2013-06-07,98,102.9,96.7,102.04,10713391
2013-06-10,98.93,102.52,98.57,100.05,9231695
2013-06-11,98.18,98.68,94.05,94.47,7394691
2013-06-12,96.8,100.48,95.75,97.73,9188550
2013-06-13,99,99.28,95.12,98.18,5962843
2013-06-14,100,102.52,99.33,100.3,6565821
2013-06-17,103.6,104.75,101.2,102.2,7066672
2013-06-18,101.75,103.98,99.2,103.39,8797344
2013-06-19,102.06,106.67,102.01,104.68,8586860
2013-06-20,104.65,107.13,99.45,100.65,10108234
2013-06-21,103.7,103.7,97.5,99.55,11713423
2013-06-24,96.5,102.87,95.3,101.49,7122521
2013-06-25,103.1,104.2,100.55,102.4,5849532
2013-06-26,103.8,105.87,102.66,105.72,6607540
2013-06-27,106.75,110.25,106.13,109.25,8748726
2013-06-28,108.57,109.44,106.71,107.36,5748563
2013-07-01,109.36,117.77,109.15,117.18,10895582
2013-07-02,118.19,121.89,115.5,117.82,12066420
2013-07-03,118,119.25,114.27,115.24,4806662
2013-07-05,118.32,120.28,115.7,120.09,6823245
2013-07-08,121.37,122.18,118.82,121.61,7817291
2013-07-09,124.64,125.32,121.91,123.45,8570973
2013-07-10,123.19,123.25,120.79,122.27,5706701
2013-07-11,124.88,126.09,122.35,125.61,7484811
2013-07-12,125.5,129.94,124.51,129.9,11345709
2013-07-15,133.03,133.26,126.82,127.26,9922869
2013-07-16,126.28,126.32,107.3,109.05,32354359
2013-07-17,106.52,121.62,104.5,120.25,26021920
2013-07-18,120.97,122.73,116.18,119.03,11403556
2013-07-19,118.5,120.55,116.51,119.68,5890322
2013-07-22,119.89,126.68,119.88,122.43,9797717
2013-07-23,124,125.56,121.82,122.74,7736552
2013-07-24,124.47,124.5,119.56,121.7,6869886
2013-07-25,120.4,124.75,120.19,124.07,5284244
2013-07-26,128.14,130.68,126.61,129.39,9636681
2013-07-29,129.32,135.37,128.25,134.62,9684653
2013-07-30,134.8,137.49,128.18,131.74,13128848
2013-07-31,132.57,134.98,131.45,134.28,6350170
2013-08-01,135,136.52,132.63,135.55,5315157
2013-08-02,134.59,138.25,133.61,138,6251202
2013-08-05,140.01,144.89,139.65,144.68,10189514
2013-08-06,144.93,145.73,141.1,142.15,9256755
2013-08-07,141.89,141.95,132.36,134.23,18098186
2013-08-08,154.35,158.88,150.46,153.48,27241791
2013-08-09,152.4,155.95,151.25,153,8934454
2013-08-12,149.43,150.5,142.05,147.38,14903387
2013-08-13,149.5,149.84,144.45,145.43,8743368
2013-08-14,142.72,144.84,138.05,139.36,11690416
2013-08-15,136.43,143.6,135,139.67,10185530
2013-08-16,141.63,143.91,140.97,142,7101590
2013-08-19,143.43,147.38,142.83,144.9,8028586
2013-08-20,148.65,149.78,147,149.58,6408666
2013-08-21,150,150.31,146.25,147.86,6258960
2013-08-22,149.25,157.48,148.14,157.1,10585453
2013-08-23,157,162.3,155,161.84,12925441
2013-08-26,165.11,173,160.25,164.22,24149703
2013-08-27,162.3,168.8,160.95,167.01,17549417
2013-08-28,169.17,171.5,163.25,166.45,14734886
2013-08-29,164.21,167.75,162.51,166.06,9442271
2013-08-30,166.37,169.21,163.96,169,11017264
2013-09-03,173.33,173.7,166.4,168.94,12049024
2013-09-04,169.77,171.62,165.56,170.62,11470189
2013-09-05,170.1,171.5,168.25,169.93,6691470
2013-09-06,168.57,169.7,165.15,166.97,8616261
2013-09-09,163.12,164.5,158.51,160.7,14340606
2013-09-10,161.44,167.5,160.63,166.37,8961506
2013-09-11,166.41,167.9,162.13,163.52,5829366
2013-09-12,164,166.76,160.51,164.93,6141724
2013-09-13,162.77,166.37,162.16,165.54,5408217
2013-09-16,168,170.85,165.85,166.58,7587089
2013-09-17,165.08,168.42,163.36,166.23,5499596
2013-09-18,167.09,167.45,164.2,166.22,5420460
2013-09-19,170.8,180.47,169.08,177.92,15585189
2013-09-20,178.9,185.83,178.56,183.39,13394611
2013-09-23,184.48,185.48,177.11,181.11,8185115
2013-09-24,179.14,184.96,177.65,182.33,6276525
2013-09-25,183.56,186.3,180.5,185.24,8245040
2013-09-26,186.7,189.68,185.61,188.64,6616743
2013-09-27,187.52,191.28,186.43,190.9,5920082
2013-09-30,189,194.5,188,193.37,8929920
2013-10-01,193.96,194.23,188.37,193,7759410
2013-10-02,188.59,191.83,175.4,180.95,20747555
2013-10-03,175.04,179.69,168,173.31,23795031
2013-10-04,176.4,181.18,172.65,180.98,14393827
2013-10-07,182.38,186.73,180.26,183.07,11475373
2013-10-08,184.4,185.93,173.21,174.73,13745964
2013-10-09,174.73,174.99,161.5,168.78,15312580
2013-10-10,173.09,175.75,169.69,172.93,8856308
2013-10-11,172.06,179.29,171.2,178.7,8305180
2013-10-14,175,182.5,174.15,179.72,7765468
2013-10-15,185.28,188.79,183.18,183.94,10964705
2013-10-16,184.9,187.3,182.09,183.56,8199235
2013-10-17,183.54,184.8,180.99,182.8,6696850
2013-10-18,184.15,185.96,182.52,183.4,5919366
2013-10-21,183.28,183.39,171,172.6,11524670
2013-10-22,170.5,177.78,166.11,171.54,11391444
2013-10-23,168.91,171.81,160.15,164.5,13324825
2013-10-24,165,174.5,162.83,173.15,10791066
2013-10-25,174.21,174.5,166.8,169.66,7591259
2013-10-28,170.31,170.5,162.2,162.86,7841570
2013-10-29,162.76,165.45,153,164.47,14111103
2013-10-30,164.63,167.68,158.17,159.22,8400365
2013-10-31,155.67,162.44,153.3,159.94,9340455
2013-11-01,163,165.9,160.41,162.17,7178771
2013-11-04,165,175.39,164.22,175.2,13088296
2013-11-05,179.85,181.43,171.36,176.81,22281994
2013-11-06,154.81,160.73,146.35,151.16,31056137
2013-11-07,144.19,145.65,137.62,139.77,22247591
2013-11-08,136.48,140.6,132.32,137.95,22468891
2013-11-11,141,145.42,137.1,144.7,13986739
2013-11-12,144.69,144.7,136.18,137.8,14950855
2013-11-13,140.84,142.37,136.34,138.7,12645626
2013-11-14,138.92,140.4,134.11,137.6,12197344
2013-11-15,136.85,137.95,134.35,135.45,9885349
2013-11-18,135.27,135.45,119.61,121.58,23102019
2013-11-19,119.22,129,119.22,126.09,19803316
2013-11-20,126.08,127.45,119.06,121.11,13840027
2013-11-21,122.89,124.79,120.25,122.1,11896323
2013-11-22,121.58,122.75,117.93,121.38,11100202
2013-11-25,124.5,125.84,120.3,120.84,10269583
2013-11-26,119.38,122.72,116.1,120.5,13876600
2013-11-27,121.31,126.95,119.52,126.94,12351585
2013-11-29,129.77,130.59,126.98,127.28,9716219
2013-12-02,126.35,128.55,123.93,124.17,7735175
2013-12-03,132.68,144.94,131.59,144.7,25652319
2013-12-04,144.32,144.43,137.13,138.95,13136925
2013-12-05,140.14,143.35,139.5,140.48,9285611
2013-12-06,141.51,142.49,136.3,137.36,7905100
2013-12-09,137,141.7,134.21,141.6,9050592
2013-12-10,140.05,145.87,139.86,142.19,10735120
2013-12-11,141.88,143.05,139.49,139.65,7132691
2013-12-12,139.8,148.24,138.53,147.47,10760862
2013-12-13,148.05,151.8,147.32,147.65,10597604
2013-12-16,148.5,150.43,146.1,147.94,6669377
2013-12-17,146.9,154.63,146.32,152.46,10481691
2013-12-18,152.24,154.9,145.95,147.98,11572546
2013-12-19,146.9,147,139.1,140.72,12747406
2013-12-20,141.58,144.35,141.58,143.24,7416288
2013-12-23,144.85,146.24,142.6,143.55,5356321
2013-12-24,150,154.97,149.82,151.41,9941485
2013-12-26,155.04,158,154.29,155.5,7126710
2013-12-27,155.3,155.5,150.8,151.12,5464678
2013-12-30,151.12,154.81,150.75,152.44,4467563
2013-12-31,152.32,153.2,148.66,150.43,4263838
2014-01-02,149.8,152.48,146.55,150.1,6193413
2014-01-03,150,152.19,148.6,149.56,4696630
2014-01-06,150,150.4,145.24,147,5365544
2014-01-07,147.62,150.4,145.25,149.36,5036021
2014-01-08,148.85,153.7,148.76,151.28,6165081
2014-01-09,152.5,153.43,146.85,147.53,5384155
2014-01-10,148.46,148.9,142.25,145.72,7449364
2014-01-13,145.78,147,137.82,139.34,6317607
2014-01-14,140.51,162,136.67,161.27,27789131
2014-01-15,168.45,172.23,162.1,164.13,20472959
2014-01-16,162.5,172.7,162.4,170.97,11972723
2014-01-17,170.19,173.2,167.95,170.01,9211202
2014-01-21,171.24,177.29,170.81,176.68,9739925
2014-01-22,177.81,180.32,174.76,178.56,7030302
2014-01-23,177.23,182.38,173.42,181.5,7887989
2014-01-24,178,180.48,173.53,174.6,7699860
2014-01-27,175.16,177.92,164.71,169.62,8730116
2014-01-28,171.5,178.98,171,178.38,6110167
2014-01-29,175.3,179.09,173.13,175.23,5952736
2014-01-30,178,184.78,177.01,182.84,8569494
2014-01-31,178.85,186,178.51,181.41,6509964
2014-02-03,182.89,184.88,175.16,177.11,6774618
2014-02-04,180.76,181.6,176.2,178.73,4687864
2014-02-05,178.36,180.59,169.36,174.42,7272428
2014-02-06,176.15,180.11,176,178.38,5844548
2014-02-07,181.25,186.63,179.6,186.53,8961249
2014-02-10,189.34,199.3,189.32,196.56,12981696
2014-02-11,198.97,202.2,192.7,196.62,10713680
2014-02-12,195.78,198.27,194.32,195.32,5177996
2014-02-13,193.34,202.72,193.25,199.63,8128190
2014-02-14,198.1,201.88,197,198.23,6171720
2014-02-18,205.24,206,201.36,203.7,9346524
2014-02-19,203.7,203.7,193.41,193.64,16314376
2014-02-20,215.01,215.21,206.27,209.97,18013258
2014-02-21,211.34,213.98,209.19,209.6,7827154
2014-02-24,208.76,218.36,208.32,217.65,8299862
2014-02-25,230,259.2,228.45,248,32749141
2014-02-26,258.58,265,247.5,253,24719248
2014-02-27,261.11,261.9,248.33,252.54,17958741
2014-02-28,249.6,252.68,242.55,244.81,14605746
2014-03-03,237.26,251.65,234.99,250.56,13098203
2014-03-04,258.48,260,252.83,254.84,8756370
2014-03-05,256.72,256.99,251.8,252.66,5939333
2014-03-06,254.14,257.5,249.45,252.94,7367594
2014-03-07,253.45,254.85,244.41,246.21,7815821
2014-03-10,242.7,243,236.06,238.84,7745749
2014-03-11,236.5,244.6,232.43,234.41,8836348
2014-03-12,231.5,247.5,231.11,241.49,9763912
2014-03-13,243.79,244.19,234,237.79,6236325
2014-03-14,235.29,236.94,228.32,230.97,8289518
2014-03-17,234.95,237.93,230.5,233.98,5912591
2014-03-18,236.95,241.5,235.02,240.04,6242351
2014-03-19,241.39,241.55,233.51,235.84,5068487
2014-03-20,236.16,239.25,233.36,234.91,3817905
2014-03-21,236.02,236.2,227.5,228.89,8227312
2014-03-24,229.9,229.9,210.27,220.17,11332947
2014-03-25,224.14,227.05,217.9,220.44,7865373
2014-03-26,221.94,222.6,211.35,212.96,6907300
2014-03-27,212.37,213.6,203,207.32,9505308
2014-03-28,212.9,216.72,210.27,212.37,9684763
2014-03-31,216.5,216.75,206.39,208.45,8375897
2014-04-01,209,218.16,208.58,216.97,7364915
2014-04-02,220,230.89,218.05,230.29,10762713
2014-04-03,230.3,235.73,222,225.4,10921080
2014-04-04,226.49,228.27,211.25,212.23,11335611
2014-04-07,205.81,216.2,203.51,207.52,9841678
2014-04-08,210.18,216.49,206.42,215.46,6887148
2014-04-09,216.76,218.45,210.89,216.93,5152368
2014-04-10,216.82,217.5,203.79,204.19,7208117
2014-04-11,200.74,207,198.6,203.78,9068589
2014-04-14,207.94,208.44,194.41,198.09,7692903
2014-04-15,199.09,199.29,184.32,193.91,13664396
2014-04-16,196.85,199.99,190.82,199.11,7204197
2014-04-17,199.61,202.29,194.08,198.12,5928259
2014-04-21,197.08,206.2,194,204.38,5263903
2014-04-22,206.25,219.33,205.01,218.64,9805662
2014-04-23,216.25,216.74,207,207.99,7290336
2014-04-24,210.81,212.8,203.2,207.86,5502813
2014-04-25,202,206.7,197.65,199.85,6993232
2014-04-28,200,203.79,190.5,198.51,7036551
2014-04-29,198.21,207.15,195.53,206.92,5780374
2014-04-30,203.79,208.16,201.28,207.89,4441353
2014-05-01,207.18,214.02,205.69,207.73,5442977
2014-05-02,208.51,211.36,206.52,210.91,4089467
2014-05-05,209.48,217.69,208.52,216.61,5149239
2014-05-06,216.6,218.66,206.85,207.28,5633016
2014-05-07,209.64,210.2,197.25,201.35,10129172
2014-05-08,182,194.4,178,178.59,20046132
2014-05-09,179.86,183.4,177.22,182.26,8492032
2014-05-12,183.87,187.19,179.88,184.67,7002342
2014-05-13,183.76,191.34,183,190.16,7093762
2014-05-14,188.95,193.48,187.1,190.62,5411450
2014-05-15,189.98,192.66,185.3,188.59,6045418
2014-05-16,188.95,192.04,187.72,191.56,4487774
2014-05-19,190.72,196.89,190,196.09,4569594
2014-05-20,196.93,199.33,193.07,195.3,5550191
2014-05-21,196.18,199.87,194.79,199.45,5286994
2014-05-22,200.35,206.88,199.56,204.88,6214591
2014-05-23,204.4,207.76,202.5,207.3,4009426
2014-05-27,208.52,213.87,207.7,211.56,5345373
2014-05-28,210,212.77,205.26,210.24,5495383
2014-05-29,210.57,212.49,207.72,210.24,3692851
2014-05-30,210.6,214.8,207.02,207.77,5585096
2014-06-02,207.33,209.35,201.67,204.7,4665475
2014-06-03,203.49,208,202.59,204.94,3865509
2014-06-04,204.35,206.26,200.4,203.99,3433843
2014-06-05,204.47,209.2,204.05,206.9,4057350
2014-06-06,209.75,210.81,207.18,208.17,3074497
2014-06-09,207.95,209.99,204.2,205.31,2797244
2014-06-10,204.43,206.97,201.55,202.3,3522300
2014-06-11,201.5,205,199.25,204.47,3978180
2014-06-12,205.1,209.88,202.71,203.52,5993979
2014-06-13,204.5,206.79,201.58,206.42,3545324
2014-06-16,206.76,225.49,206.26,224.61,13239209
2014-06-17,224,235.54,222.85,231.67,13301422
2014-06-18,231.5,231.71,226.12,227.12,6944037
2014-06-19,228.88,235.31,227,227.79,8797395
2014-06-20,228.52,231.29,226.2,229.59,4906472
2014-06-23,229.51,238.99,228.22,237.22,7796231
2014-06-24,238.66,241.88,231.63,232.5,8079243
2014-06-25,233.05,237.55,230.24,236.89,5801846
2014-06-26,237.17,240.4,234.21,235.6,5121843
2014-06-27,234.69,240,234.5,239.06,5637421
2014-06-30,239.55,244.49,239,240.06,4831291
2014-07-01,242.46,243.44,238.7,239.72,4340128
2014-07-02,240.66,242.33,227.07,229.43,8035000
2014-07-03,231.44,231.9,224,229.25,5166716
2014-07-07,227.5,229.78,220.4,222.66,5897694
2014-07-08,218.65,220.96,214.27,219.07,7841502
2014-07-09,221.27,224.22,219.21,223.06,4117212
2014-07-10,217.18,222.22,216.04,219.46,4864542
2014-07-11,220.61,221.6,217.6,218.13,3305747
2014-07-14,219.99,228.79,215.45,226.7,7206545
2014-07-15,226.84,227.65,218.1,219.58,5726064
2014-07-16,221.92,224.8,216.82,217.16,4047671
2014-07-17,216.16,220.55,213.6,215.4,4649760
2014-07-18,215.95,221.21,215.93,220.02,4258376
2014-07-21,217.25,223.21,216.72,220.54,3824868
2014-07-22,222.19,223.3,219.11,219.58,2730401
2014-07-23,220.01,224.75,219.43,222.49,3087517
2014-07-24,223.25,225.1,220.8,223.54,3246682
2014-07-25,222.72,226.97,221.75,223.57,3090136
2014-07-28,224.25,232,221.4,224.82,6514856
2014-07-29,226.61,228.3,224.86,225.01,3384687
2014-07-30,221.76,229.6,221.04,228.92,4924943
2014-07-31,229.26,231.4,221.5,223.3,7718864
2014-08-01,226.02,237.5,226,233.27,11896312
2014-08-04,234.38,240.5,233.27,238.52,5964318
2014-08-05,237.31,242.99,235.69,238.49,5385394
2014-08-06,238.9,251.42,238.58,248.93,9238110
2014-08-07,250.12,256.69,249.12,252.39,7469091
2014-08-08,251.16,251.76,246.5,248.13,5097742
2014-08-11,255.14,263.74,255,259.32,8096395
2014-08-12,258.08,260.3,254.58,259.96,6384343
2014-08-13,262.01,265.64,259.61,260.31,6923841
2014-08-14,262.49,263,256.5,261.38,4124822
2014-08-15,261.48,262.09,258.5,262.01,3862040
2014-08-18,263.25,267.26,259.75,259.94,5845045
2014-08-19,258.87,259.33,251.62,256.76,5339441
2014-08-20,254.67,258.74,253,255.71,3020975
2014-08-21,256.52,258.8,253.26,254.34,2917881
2014-08-22,254.54,256.95,252.61,256.78,2836116
2014-08-25,258.19,263.68,258.19,262.55,4316612
2014-08-26,264.98,265.5,261.66,261.74,3821689
2014-08-27,263.5,264.24,260.29,263.25,2988243
2014-08-28,261.89,264.48,261.64,263.86,2847795
2014-08-29,268.7,272,267.51,269.7,6450933
2014-09-02,275.5,284.89,274.3,284.12,9837877
2014-09-03,287.67,288,280.1,281.19,6776476
2014-09-04,284.1,291.42,280.4,286.04,8336181
2014-09-05,282.5,282.9,272.51,277.39,11172960
2014-09-08,277.99,284.88,277.52,282.11,5503257
2014-09-09,282.99,285.49,277,278.48,4566607
2014-09-10,279.5,281.41,273.66,281.1,3783298
2014-09-11,280.46,284.79,278.63,280.31,3766514
2014-09-12,280.77,282.39,277,279.2,3326702
2014-09-15,274.37,274.4,249.13,253.86,16462666
2014-09-16,255.15,262.46,252.42,260.74,8301533
2014-09-17,262.61,264.7,259.5,261.38,5179248
2014-09-18,263.37,265.6,262.32,263.82,3695295
2014-09-19,257.99,261.43,255.27,259.32,6811091
2014-09-22,255,256.02,244.71,250.03,8220530
2014-09-23,245.22,253.8,245,250.41,5659586
2014-09-24,251.12,252.84,247.04,252.14,3751422
2014-09-25,252.52,254.96,246.1,246.95,4841166
2014-09-26,248.25,249.73,246.07,246.6,3797706
2014-09-29,244,248.64,241.38,245.26,4853799
2014-09-30,246.92,247.65,240.12,242.68,4246852
2014-10-01,242.2,242.66,235.65,240.24,5944624
2014-10-02,250.2,252.79,245.36,251.42,8999601
2014-10-03,253.1,256.5,251.03,255.21,5407349
2014-10-06,259.13,262.49,257.8,260.62,7716440
2014-10-07,258.53,261.46,255.73,259.57,4487025
2014-10-08,260.1,262.88,252.64,259.28,5059361
2014-10-09,262.25,265.54,254.4,257.01,7354414
2014-10-10,244.64,245.89,235.2,236.91,12890700
2014-10-13,238.57,238.96,221,224.59,11271995
2014-10-14,228.25,232.47,223,227.06,7108069
2014-10-15,220,230.99,217.32,229.7,9149317
2014-10-16,219.72,229.92,219.1,226.35,5402281
2014-10-17,233.38,234.77,226.55,227.48,10551252
2014-10-20,226.72,232.4,225.51,230.47,3497790
2014-10-21,234.28,235.39,230.8,235.34,4125337
2014-10-22,233.19,237.39,230.56,231.1,4120286
2014-10-23,234.65,236.28,232,235.29,3494532
2014-10-24,236.27,237.8,231.2,235.24,3464095
2014-10-27,234.25,234.61,220.31,221.67,9553270
2014-10-28,229.6,244.6,228.25,242.77,10516245
2014-10-29,241.2,241.5,235.64,238.1,4967639
2014-10-30,238.14,240.5,235.06,238.66,3228321
2014-10-31,242.51,243.12,238.75,241.7,3775327
2014-11-03,243,247.56,241.32,242.59,4204811
2014-11-04,240.49,242.35,236.53,238.93,3680397
2014-11-05,241,241.36,230.53,230.97,8991482
2014-11-06,234.72,246.69,228.5,241.22,15348559
2014-11-07,242.19,242.84,237.2,240.2,5159550
2014-11-10,239.11,242.88,236.8,241.93,4575961
2014-11-11,242.55,251.82,242,251.08,7951559
2014-11-12,249.72,252.34,245.58,249.1,5868808
2014-11-13,250.62,255.75,250.25,251.7,6233778
2014-11-14,250,258.85,248.5,258.68,6098847
2014-11-17,257.49,259,252.02,253.98,4024178
2014-11-18,255.86,259.99,255.51,257.7,4473070
2014-11-19,250.35,251.88,245.6,247.74,7914901
2014-11-20,248,250.93,246,248.71,3586796
2014-11-21,252.21,252.78,242.17,242.78,7481836
2014-11-24,245.2,247.6,240.64,246.72,4787832
2014-11-25,247.35,249.72,246.09,248.09,3156210
2014-11-26,248.34,249,246.6,248.44,1981459
2014-11-28,245.35,246.69,242.52,244.52,2119688
2014-12-01,241.16,242.47,229.01,231.64,8617984
2014-12-02,234.33,234.88,228,231.43,5884948
2014-12-03,226.04,229.72,225.5,229.3,5304525
2014-12-04,228.92,230.9,227.81,228.28,3872336
2014-12-05,228.67,229.39,222.26,223.71,6062811
2014-12-08,221.21,224.86,212.34,214.36,9224167
2014-12-09,209.48,217.73,204.27,216.89,9428797
2014-12-10,214.13,216.77,207.7,209.84,7310273
2014-12-11,210.53,215.43,208.23,208.88,6693472
2014-12-12,204.82,211.68,204.5,207,7171525
2014-12-15,209.27,209.8,202.67,204.04,5216516
2014-12-16,200.75,203.68,195.37,197.81,8419521
2014-12-17,193.06,206.65,192.65,205.82,7365964
2014-12-18,212.38,218.44,211.8,218.26,7481412
2014-12-19,220.19,220.4,214.5,219.29,6906351
2014-12-22,219.99,224.06,218.26,222.6,4806071
2014-12-23,223.81,224.32,219.52,220.97,4512342
2014-12-24,219.77,222.5,219.25,222.26,1333518
2014-12-26,221.51,228.5,221.5,227.82,3326266
2014-12-29,226.9,227.91,224.02,225.71,2811510
2014-12-30,223.99,225.65,221.4,222.23,2902982
2014-12-31,223.09,225.68,222.25,222.41,2401892
2015-01-02,222.87,223.25,213.26,219.31,4764103
2015-01-05,214.5,216.5,207.16,210.09,5365874
2015-01-06,210.06,214.2,204.21,211.28,6261603
2015-01-07,213.35,214.78,209.78,210.95,2967650
2015-01-08,212.81,213.8,210.01,210.62,3442304
2015-01-09,208.92,209.98,204.96,206.66,4668185
2015-01-12,203.05,204.47,199.25,202.21,5950245
2015-01-13,203.32,207.61,200.91,204.25,4447745
2015-01-14,185.83,195.2,185,192.69,11550804
2015-01-15,194.49,195.75,190,191.87,5215021
2015-01-16,190.7,194.49,189.65,193.07,3603059
2015-01-20,193.87,194.12,187.04,191.93,6100563
2015-01-21,189.55,198.68,189.55,196.57,5389193
2015-01-22,197,203.24,195.2,201.62,5576260
2015-01-23,200.16,203.5,198.33,201.29,4458009
2015-01-26,201.83,208.62,201.05,206.55,3232634
2015-01-27,204.41,208.03,203.3,205.98,2780619
2015-01-28,206.11,206.37,198.42,199.37,3120021
2015-01-29,201.07,205.98,196.5,205.2,3546947
2015-01-30,203.96,207.47,203,203.6,3006739
2015-02-02,203.97,211.95,203.3,210.94,4148615
2015-02-03,213.11,220.37,211.27,218.36,4825015
2015-02-04,218.29,221.48,216.8,218.55,3305109
2015-02-05,219.88,225.48,219.64,220.99,3522499
2015-02-06,222,223.4,216.5,217.36,3242225
2015-02-09,215.38,217.93,211.99,217.48,3471950
2015-02-10,217.63,220.5,215,216.29,5374111
2015-02-11,212.21,214.74,207.28,212.8,9657497
2015-02-12,193.57,203.09,193.28,202.88,15645581
2015-02-13,202.89,205.99,200.91,203.77,6177508
2015-02-17,205.7,205.7,201.5,204.35,3977927
2015-02-18,204.17,206.17,202.6,204.46,2712570
2015-02-19,205,212.44,203.75,211.71,5150645
2015-02-20,210.78,217.6,209.81,217.11,5980040
2015-02-23,214.52,218.2,206.33,207.34,8497684
2015-02-24,207.29,207.29,201.7,204.11,6601022
2015-02-25,204.94,207.14,202.58,203.76,3908746
2015-02-26,204,211.09,202.22,207.19,6472262
2015-02-27,206.81,208.55,202.8,203.34,3881426
2015-03-02,202.7,203.34,195.82,197.32,7922000
2015-03-03,196.81,200.24,195.32,199.56,4432300
2015-03-04,199.25,202.52,197.21,202.43,4221900
2015-03-05,202.85,206.19,200.15,200.63,4877000
2015-03-06,199.21,200.75,192.15,193.88,6712400
2015-03-09,194.39,194.49,188.25,190.88,6736700
2015-03-10,188.46,193.5,187.6,190.32,5579600
2015-03-11,191.11,196.18,191.01,193.74,4974800
2015-03-12,193.75,194.45,187.85,188.68,4158076
2015-03-13,188.92,191.75,187.32,188.68,5434200
2015-03-16,192,195.91,189.8,195.7,5628700
2015-03-17,195.43,198.71,193.94,194.73,4894000
2015-03-18,194.96,200.88,193.11,200.71,4820900
2015-03-19,202,204.59,194.53,195.65,8475200
2015-03-20,197.45,198.99,195.62,198.08,4269400
2015-03-23,198.48,200.5,197.47,199.63,2631600
2015-03-24,201.58,203.79,199.75,201.72,3649800
2015-03-25,198.5,198.59,192.7,194.3,5730300
2015-03-26,193.92,194.79,189.7,190.4,4127900
2015-03-27,189.07,189.29,181.4,185,8604900
2015-03-30,185.85,192.25,181.8,190.57,10089500
2015-03-31,193.54,193.76,188.41,188.77,5026569
2015-04-01,188.7,192.3,186.05,187.59,3794600
2015-04-02,190.23,193.23,190,191,5010300
2015-04-06,198,207.75,197.5,203.1,12455800
2015-04-07,202.15,205.06,201.14,203.25,4346855
2015-04-08,208.56,210.9,205.87,207.67,6303100
2015-04-09,208.43,210.37,206.12,210.09,3797207
2015-04-10,209.85,211.65,209,210.9,4067600
2015-04-13,210.72,213,209.05,209.78,3758200
2015-04-14,208.57,209.49,205.5,207.46,3025900
2015-04-15,207.46,209.59,206.6,207.83,1946934
2015-04-16,207.7,209.17,206.29,206.7,1659059
2015-04-17,204.99,206.88,203.5,206.79,2469900
2015-04-20,206.78,207.85,203.85,205.27,2559226
2015-04-21,205.8,210.75,204.31,209.41,3430504
2015-04-22,212.5,221.88,211.69,219.44,7861380
2015-04-23,218.27,221.48,217.15,218.6,4411100
2015-04-24,220.5,220.8,218.01,218.43,2427843
2015-04-27,222.56,238.75,222,231.55,11672600
2015-04-28,234.75,235.5,228.03,230.48,6085379
2015-04-29,230.05,234.97,227.63,232.45,3936000
2015-04-30,230.39,232.89,225.17,226.05,3911800
2015-05-01,229.94,231.77,220.4,226.03,5281600
2015-05-04,228.18,234.73,227.11,230.51,4434500
2015-05-05,237.76,239.5,229.13,232.95,5796800
2015-05-06,234.1,234.47,228.2,230.43,5235820
2015-05-07,221,237.48,220.25,236.8,9448627
2015-05-08,235.99,238.41,233.7,236.61,4668200
2015-05-11,236.29,242.88,235.31,239.49,5672200
2015-05-12,240.11,246.35,238.19,244.74,6363429
2015-05-13,247.61,248.3,242.25,243.18,5440100
2015-05-14,244.82,244.89,241.25,244.1,2895900
2015-05-15,244.26,249.4,242.5,248.84,4525127
2015-05-18,246.86,249.9,246,248.75,3352368
2015-05-19,248.34,251,246.15,247.14,3674231
2015-05-20,247.13,247.74,241.37,244.35,3755500
2015-05-21,243.03,246.62,242.36,245.62,1970600
2015-05-22,245.45,248.6,245.01,247.73,2223000
2015-05-26,247.68,252,246.5,247.46,3497564
2015-05-27,248.51,249.5,245.55,247.43,3408200
2015-05-28,247.03,251.8,245.05,251.45,3646480
2015-05-29,251,252.87,249.43,250.8,3789200
2015-06-01,251.41,251.6,247.47,249.45,2505057
2015-06-02,248.92,249.4,246.3,248.35,2129440
2015-06-03,248.2,250.72,247.01,248.99,1781500
2015-06-04,247.5,249.3,245.71,245.92,2453600
2015-06-05,246.16,249.7,245.68,249.14,3022000
2015-06-08,250.76,258.75,250.31,256.29,5016900
2015-06-09,255.4,257.74,254.14,256,2609744
2015-06-10,251.9,254,248.5,250.7,3454074
2015-06-11,253.26,254.37,250.43,251.41,2044058
2015-06-12,250.61,253.46,250.21,250.69,1418300
2015-06-15,249.7,251.28,246.01,250.38,2186100
2015-06-16,250.13,253.44,249.1,253.12,1984600
2015-06-17,252.17,264.36,252.02,260.41,5512900
2015-06-18,262,263.46,260.02,261.89,2782700
2015-06-19,262.4,263.8,260.1,262.51,2463000
2015-06-22,262.15,264.4,255.69,259.79,4561000
2015-06-23,260.31,268,258.57,267.67,3870818
2015-06-24,266.98,267.35,263.72,265.17,2412200
2015-06-25,266.45,271.41,265.25,268.79,2849200
2015-06-26,268.89,269.11,266,267.09,3838400
2015-06-29,261.95,265.95,260.7,262.02,3478900
2015-06-30,264.8,270.92,264,268.26,3086935
2015-07-01,271.11,272.62,267.85,269.15,2101200
2015-07-02,280,282.45,273.31,280.02,7163900
2015-07-06,278.45,281.69,276.3,279.72,4121900
2015-07-07,275,275.2,260.77,267.88,6105100
2015-07-08,259.32,260.8,254.31,254.96,6221000
2015-07-09,259.08,262.95,256.79,257.92,3334000
2015-07-10,262.22,263,257.82,259.15,2610800
2015-07-13,262.2,262.55,256.05,262.16,2960300
2015-07-14,262.1,265.99,260.51,265.65,1907422
2015-07-15,266.74,267.49,262.08,263.14,2020863
2015-07-16,264.22,267.2,263.16,266.68,1615900
2015-07-17,272.42,275.54,268.25,274.66,5004000
2015-07-20,275,286.65,272.54,282.26,4978400
2015-07-21,270.05,273.5,266.55,266.77,6108600
2015-07-22,261.27,269.44,260.86,267.87,3104900
2015-07-23,269.65,269.9,265.27,267.2,2227200
2015-07-24,267.38,271.09,263.92,265.41,2836400
2015-07-27,262.43,264.43,250.79,253.01,4694100
2015-07-28,255.75,265.4,251.84,264.82,3895800
2015-07-29,264.27,267.89,262,263.82,2790000
2015-07-30,262.69,266.94,262.11,266.79,2034500
2015-07-31,267.6,269.36,265.12,266.15,2222500
2015-08-03,266.29,266.71,257.07,259.99,2553108
2015-08-04,260.01,266.72,258.34,266.28,2352500
2015-08-05,263.58,271,260.4,270.13,6214300
2015-08-06,249.54,255,236.12,246.13,14619742
2015-08-07,243.58,243.73,238.39,242.51,5073300
2015-08-10,238.15,242.97,236.05,241.14,4185800
2015-08-11,237.15,239.3,234.44,237.37,4262314
2015-08-12,235,239.77,232.74,238.17,3739100
2015-08-13,239.86,246.48,239.12,242.51,4689100
2015-08-14,247.24,247.93,241.77,243.15,4364800
2015-08-17,255.56,256.59,250.51,254.99,7176600
2015-08-18,255.38,260.95,253.56,260.72,4195000
2015-08-19,260.33,260.65,255.02,255.25,3604200
2015-08-20,252.06,254.56,241.9,242.18,4905700
2015-08-21,236,243.8,230.51,230.77,6590200
2015-08-24,202.79,231.4,195,218.87,9580689
2015-08-25,230.69,230.9,219.12,220.03,4327200
2015-08-26,227.93,228,215.51,224.84,4963000
2015-08-27,231,244.75,230.81,242.99,7655900
2015-08-28,241.86,251.45,241.57,248.48,5513600
2015-08-31,245.62,254.95,245.51,249.06,4700200
2015-09-01,240.34,246,236.97,238.63,5454700
2015-09-02,245.3,247.88,239.78,247.69,4629100
2015-09-03,252.06,252.08,245,245.57,4194700
2015-09-04,240.89,244.09,238.2,241.93,3689100
2015-09-08,245.05,249.16,244.05,248.17,3138200
2015-09-09,252.05,254.25,248.3,248.91,3390700
2015-09-10,247.23,250.72,245.33,248.48,2708962
2015-09-11,247.64,250.24,244.73,250.24,2350800
2015-09-14,251.1,254.25,249.67,253.19,2890800
2015-09-15,252.75,254.6,249.5,253.57,2933400
2015-09-16,253.04,262.88,252.88,262.25,4417000
2015-09-17,263.96,265.5,260.69,262.07,3585812
2015-09-18,257.96,263.82,257.5,260.62,3763000
2015-09-21,263.98,271.57,255.8,264.2,6120100
2015-09-22,259.03,262.65,255.87,260.94,3664300
2015-09-23,261.95,262.08,257.58,261.06,2600778
2015-09-24,259.53,263.45,256.21,263.12,3444927
2015-09-25,266.61,266.91,256.15,256.91,3773300
2015-09-28,257.35,259.79,246.61,248.43,4900579
2015-09-29,250.46,254.73,245.46,246.65,3703100
2015-09-30,252,252.4,242.34,248.4,4929500
2015-10-01,247.51,248.5,237.13,239.88,4572900
2015-10-02,235.6,247.7,234.93,247.57,4423900
2015-10-05,248.84,249.84,244.13,246.15,3688888
2015-10-06,240,243.03,235.58,241.46,5235800
2015-10-07,236.63,237.7,229.12,231.96,6813900
2015-10-08,230.08,230.72,221.31,226.72,6133200
2015-10-09,220.93,224.37,218.36,220.69,6156800
2015-10-12,222.99,223,215.27,215.58,3832398
2015-10-13,213.28,222.52,211.13,219.25,5171500
2015-10-14,220.67,220.95,215.43,216.88,3104400
2015-10-15,216.43,221.73,213.7,221.31,2844200
2015-10-16,223.04,230.48,222.87,227.01,4334400
2015-10-19,226.5,231.15,224.94,228.1,2507895
2015-10-20,227.72,228.6,202,213.03,12455898
2015-10-21,211.99,214.81,208.8,210.09,4183400
2015-10-22,211.56,215.75,209.4,211.72,2825100
2015-10-23,215,215.35,207.69,209.09,4235400
2015-10-26,211.38,215.88,210,215.26,3391400
2015-10-27,214.84,217.1,207.51,210.35,3519400
2015-10-28,211.31,213.45,208.3,212.96,2728500
2015-10-29,211.75,213.75,210.64,211.63,1805000
2015-10-30,210.4,211.63,203.89,206.93,4438900
2015-11-02,208.92,215.8,207.22,213.79,3927773
2015-11-03,213.85,214.44,207.75,208.35,8332400
2015-11-04,227,232.74,225.2,231.63,12725052
2015-11-05,230.58,234.58,229.19,231.77,4496800
2015-11-06,230.7,233.36,229.5,232.36,2445200
2015-11-09,232.99,232.99,224.31,225.33,3850860
2015-11-10,223.48,223.7,216.08,216.5,4617000
2015-11-11,217.77,219.48,213.63,219.08,3347800
2015-11-12,217.85,219,212.66,212.94,2915900
2015-11-13,212.95,212.99,206.52,207.19,3430300
2015-11-16,206.09,214.98,205.8,214.31,2925300
2015-11-17,215.2,216,211.4,214,2148600
2015-11-18,214.5,221.38,212.52,221.07,2811900
2015-11-19,220.54,226.19,220.3,221.8,2504300
2015-11-20,223.49,225,213.58,220.01,4400700
2015-11-23,217.35,219.18,214.68,217.75,2526100
2015-11-24,215.37,221,215,218.25,2479300
2015-11-25,221.34,230.82,220.38,229.64,3990700
2015-11-27,231.06,232.25,227.01,231.61,1949300
2015-11-30,231.79,234.28,229.08,230.26,2659800
2015-12-01,231.06,238,231.05,237.19,3733955
2015-12-02,237,238.6,231.23,231.99,2980768
2015-12-03,235.48,237.45,230,232.71,2939533
2015-12-04,232.46,233.27,227.66,230.38,2573600
2015-12-07,227.7,235.63,226.15,231.13,3144200
2015-12-08,227.52,228.8,224.2,226.72,2687636
2015-12-09,226.7,227.5,220.72,224.52,3057700
2015-12-10,224.71,228.49,223.64,227.07,2071600
2015-12-11,225.24,225.75,216.64,217.02,3268700
2015-12-14,217.51,220.92,214.87,218.58,2830798
2015-12-15,221.82,222.22,218,221.09,2244400
2015-12-16,222.1,234.88,220.73,234.51,5104300
2015-12-17,233.94,237.76,229.81,233.39,3298600
2015-12-18,232.89,235.9,229.29,230.46,3014100
2015-12-21,231.69,235.83,231.08,232.56,1953100
2015-12-22,234.99,236.55,229.63,229.95,1961155
2015-12-23,232.18,233.45,228.13,229.7,1554900
2015-12-24,230.56,231.88,228.28,230.57,710277
2015-12-28,231.49,231.98,225.54,228.95,1901304
2015-12-29,230.06,237.72,229.55,237.19,2406290
2015-12-30,236.6,243.634,235.671,238.09,3124074
2015-12-31,238.51,243.45,238.37,240.01,2503103
2016-01-04,230.72,231.38,219,223.41,6124482
2016-01-05,226.36,232.3,220,223.43,3086425
2016-01-06,220,220.05,215.98,219.04,3492811
2016-01-07,214.19,218.44,213.67,215.65,3410786
2016-01-08,217.86,220.44,210.77,211,3504461
2016-01-11,214.01,214.45,203,207.85,4091422
2016-01-12,211.6,213.74,205.31,209.97,2595389
2016-01-13,212.01,212.65,200,200.31,3821277
2016-01-14,202.21,210,193.38,206.18,5965537
2016-01-15,198.97,205.07,197.25,204.99,4251085
2016-01-19,208.71,210.47,200.78,204.72,4038600
2016-01-20,199.4,201.28,191.25,198.7,5319658
2016-01-21,201.55,203.23,195.02,199.97,2955075
2016-01-22,204.801,205.5,199.03,202.55,3081626
2016-01-25,200.06,203.57,195.88,196.37,2150984
2016-01-26,196.7,197.82,188.88,193.56,4123942
2016-01-27,192.38,193.26,185.77,188.07,3530660
2016-01-28,190.79,191.28,182.41,189.7,3867413
2016-01-29,189.95,193.74,188.08,191.11,2244637
2016-02-01,188.76,199.52,182.75,196.94,4572522
2016-02-02,192.42,193.12,180.23,182.78,4994163
2016-02-03,183.59,183.94,170.18,173.48,6766212
2016-02-04,170.7,175.98,166.99,175.33,3697860
2016-02-05,171.3,173,157.744,162.6,8856904
2016-02-08,157.105,157.15,146,148.03,7657160
2016-02-09,142.32,159.79,141.05,148.25,7950407
2016-02-10,150.5,154.97,141.74,143.67,8053123
2016-02-11,152,163.26,147,150.47,13417556
2016-02-12,155,157.01,143.7,151.04,6375109
2016-02-16,158.7,162.95,154.11,155.17,5354390
2016-02-17,159,169.34,156.68,168.68,5100855
2016-02-18,172.42,172.95,164.77,166.77,3527362
2016-02-19,163.66,167.49,162.5,166.58,2484298
2016-02-22,170.12,178.91,169.85,177.74,4417725
2016-02-23,176.16,181.73,173.68,177.21,5876295
2016-02-24,172.75,179.5,167.84,179,4635777
2016-02-25,178.65,188.519,175.2,187.43,4517456
2016-02-26,188.7,192,185,190.34,5230574
2016-02-29,192.4,196.35,189.222,191.93,4226478
2016-03-01,194.25,195.948,182.7,186.35,5835029
2016-03-02,183.73,188.52,181.5,188.34,4536212
2016-03-03,188.28,197.42,184.22,195.74,4246868
2016-03-04,198,204.03,197.5,201.04,5732174
2016-03-07,197.68,209.7,197.4,205.29,4489102
2016-03-08,203.5,207.5,202.2,202.6,3828797
2016-03-09,204.52,209.373,202.79,208.72,2752317
2016-03-10,210,213.29,200.671,205.18,5192523
2016-03-11,207.93,209.42,205.33,207.5,2816476
2016-03-14,212.65,216.72,210.64,215.15,4065706
2016-03-15,214.27,218.97,211.5,218.34,3180452
2016-03-16,218,222.58,217.02,221.93,3516703
2016-03-17,221.47,228.5,220,226.38,3782891
2016-03-18,229.1,234.48,228.06,232.74,4711793
2016-03-21,235.34,239.88,235,238.32,5307822
2016-03-22,237.21,238.99,232.558,234.24,4315988
2016-03-23,232.37,234.73,222.03,222.58,4948841
2016-03-24,215.78,228.888,215,227.75,4960900
2016-03-28,231.61,234.81,225,230.26,3326412
2016-03-29,229.89,232.38,225.33,230.13,3850008
2016-03-30,235.09,235.5,226.5,226.89,3499648
2016-03-31,229.34,237.42,225.01,229.77,6849312
2016-04-01,244.825,247.9,233.25,237.59,15013575
2016-04-04,249.12,252.12,243.64,246.99,11437981
2016-04-05,240.5,256.56,240,255.47,9669381
2016-04-06,253.97,267.74,253.45,265.42,9839525
2016-04-07,266.45,269.34,254.51,257.2,7641985
2016-04-08,260.5,260.82,248.02,250.07,6178753
2016-04-11,251,258.99,245.3,249.92,7916097
2016-04-12,249.5,251.8,243.63,247.82,4913016
2016-04-13,248.51,255.5,247.33,254.53,4252144
2016-04-14,253,256.839,251.05,251.86,3652819
2016-04-15,251.31,254.6,249.12,254.51,3430213
2016-04-18,252.23,258.31,251.66,253.88,4054702
2016-04-19,253.12,254.37,241.251,247.37,5403359
2016-04-20,246.26,253.66,241.5,249.97,4735351
2016-04-21,248.99,250.9,246.91,248.29,2645018
2016-04-22,248.89,254,245.71,253.75,3337973
2016-04-25,253.01,257.38,250.76,251.82,3070857
2016-04-26,252.05,255.73,249.39,253.74,2776157
2016-04-27,252.75,255,249.4,251.47,2977861
2016-04-28,249.85,253.43,247.44,247.71,2128265
2016-04-29,248.14,248.43,237.81,240.76,4520491
2016-05-02,241.5,243.19,234.82,241.8,3252350
2016-05-03,237.36,238.91,231.62,232.32,4000769
2016-05-04,230.29,234.46,220.4,222.56,7161067
2016-05-05,228.46,228.64,209.79,211.53,10952049
2016-05-06,210.87,216.37,208.11,214.93,5003497
2016-05-09,215.72,216.15,206.8,208.92,4520062
2016-05-10,207.55,209.47,205,208.69,3491633
2016-05-11,207.59,215.48,206.05,208.96,5042386
2016-05-12,211.44,211.67,203.657,207.2,3066746
2016-05-13,207.78,211.2,206.7,207.61,2401971
2016-05-16,208.15,213.15,207.92,208.29,2474446
2016-05-17,209.05,209.82,204.02,204.66,2303002
2016-05-18,209.15,215.31,207.75,211.17,4454848
2016-05-19,213.62,216.79,207.3,215.21,6582419
2016-05-20,216.99,220.55,216.35,220.28,8635216
2016-05-23,219.87,222.6,215.86,216.22,4335487
2016-05-24,216.6,218.74,215.18,217.91,2928659
2016-05-25,217.91,221.36,216.51,219.58,2514028
2016-05-26,220.5,225.26,219.05,225.12,3560997
2016-05-27,224.99,225.93,220.75,223.04,3081734
2016-05-31,223.04,224.75,221.5,223.23,2046828
2016-06-01,221.48,222.4,216.89,219.56,2549934
2016-06-02,219.59,219.909,217.11,218.96,1670749
2016-06-03,220,221.94,218.01,218.99,1897954
2016-06-06,218,220.9,215.45,220.68,1901580
2016-06-07,222.24,234.44,221.52,232.34,5530952
2016-06-08,233.8,240.845,232.605,235.52,5092613
2016-06-09,234.98,235.33,227.06,229.36,4145457
2016-06-10,227.39,227.97,218.422,218.79,5278017
2016-06-13,219.5,225.77,217.66,217.87,3585438
2016-06-14,218.88,222.2,212.53,214.95,2941462
2016-06-15,216.95,221.9,215.13,217.7,2780560
2016-06-16,217.42,218.04,213.5,217.93,2098911
2016-06-17,217.81,219.99,214.5,215.48,2605683
2016-06-20,219.5,223.75,218.23,219.7,3020866
2016-06-21,220.68,222.569,218.81,219.61,2226694
2016-06-22,199.47,205.95,195.75,196.66,22631149
2016-06-23,195.69,197.55,192.13,196.4,9464787
2016-06-24,190.05,195.12,189.73,193.15,5854728
2016-06-27,190.86,198.81,187.87,198.55,6779769
2016-06-28,201.89,204.05,199.41,201.79,5725343
2016-06-29,205.13,211.78,203,210.16,4601420
2016-06-30,212.97,213.5,209.02,212.28,3611804
2016-07-01,206.14,218.24,206,216.5,4759573
2016-07-05,209.73,214.544,208,213.98,4434881
2016-07-06,210,215.23,209,214.44,4408957
2016-07-07,213.1,218.12,213.01,215.94,2738871
2016-07-08,217.8,219.81,214.5,216.78,3209618
2016-07-11,219.96,226.78,219.51,224.78,4733773
2016-07-12,224.1,227.5,223.22,224.65,4004195
2016-07-13,225.5,225.59,220.29,222.53,2885761
2016-07-14,223.12,224.94,221.05,221.53,2190373
2016-07-15,222.52,222.75,219.64,220.37,1784153
2016-07-18,219.64,227.09,218.3,226.25,2894015
2016-07-19,225,229.1,224.75,225.26,2783923
2016-07-20,226.47,229.8,225,228.36,2295648
2016-07-21,226,227.847,219.1,220.5,3753150
2016-07-22,221.99,224.5,218.88,222.27,2437326
2016-07-25,222.27,231.39,221.372,230.01,3852884
2016-07-26,227.69,230,225.3,229.51,3039023
2016-07-27,229.34,233.36,226.92,228.49,2365669
2016-07-28,227.95,230.76,226.6,230.61,2131840
2016-07-29,230.7,235.28,230.24,234.79,2908610
2016-08-01,235.5,236.63,229.38,230.01,3790147
2016-08-02,229.37,229.87,221.4,227.2,3599106
2016-08-03,227.37,229.699,224.21,225.58,2730615
2016-08-04,225.69,230.86,222.05,230.61,3448697
2016-08-05,230,232,227.4,230.03,2538457
2016-08-08,228,229.6,226.09,226.16,1797782
2016-08-09,226.82,231.538,226.65,229.08,1734218
2016-08-10,228.24,229.87,224.62,225.65,1859500
2016-08-11,226.17,227.57,223.41,224.91,1638993
2016-08-12,225.41,226.65,224.04,225.61,1480909
2016-08-15,226.02,229.5,224.93,225.59,1657280
2016-08-16,225.49,227.19,223.41,223.61,1702132
2016-08-17,224.33,224.83,222.8,223.24,1435311
2016-08-18,223.82,225.66,222.29,223.51,1645768
2016-08-19,223.54,225.169,222.53,225,1266596
2016-08-22,224.17,225.11,222.68,222.93,1727526
2016-08-23,224.32,228.49,222.8,224.84,4115106
2016-08-24,227.05,227.15,222.22,222.62,2056602
2016-08-25,223.11,223.8,220.77,220.96,1580160
2016-08-26,222.14,222.855,218.82,219.99,1871069
2016-08-29,220.15,220.4,215,215.2,2766023
2016-08-30,216.11,216.11,210.52,211.34,2619588
2016-08-31,210.43,212.6,208.65,212.01,3016827
2016-09-01,209.01,211.1,200.5,200.77,6765259
2016-09-02,202.33,203.2,196.2,197.78,5368761
2016-09-06,199.02,203.25,199,202.82,4220936
2016-09-07,205.5,206.497,200.71,201.7,2660978
2016-09-08,199.55,199.89,196.36,197.36,3140593
2016-09-09,199.09,199.92,193.7,194.47,3103198
2016-09-12,195,201.369,194.1,198.3,3045470
2016-09-13,197.06,198.49,193.45,196.05,2947851
2016-09-14,195.75,197.925,194.856,196.41,1750864
2016-09-15,196.49,202.519,196.4,200.22,2192932
2016-09-16,200.42,205.7,199,205.4,2418090
2016-09-19,207,209.43,205,206.34,1895855
2016-09-20,206.85,207.75,203.91,204.64,1657410
2016-09-21,206.37,207,201.56,205.22,2086336
2016-09-22,206.4,207.28,203,206.43,2334870
2016-09-23,205.99,210.18,205.67,207.45,2688442
2016-09-26,206.5,211,206.5,208.99,2301225
2016-09-27,209.65,209.982,204.609,205.81,2517231
2016-09-28,207.51,208.25,205.26,206.27,1369885
2016-09-29,205.6,207.33,200.58,200.7,2333099
2016-09-30,202.21,204.98,199.55,204.03,2455082
2016-10-03,212.3,215.669,208.25,213.7,5321524
2016-10-04,213.1,213.32,208.82,211.41,3036625
2016-10-05,212.24,213.15,208.12,208.46,1580397
2016-10-06,202.46,204.21,200.21,201,4506877
2016-10-07,201,201.32,195.8,196.61,2944927
2016-10-10,201.35,204.14,199.66,200.95,2894705
2016-10-11,201.85,202.2,198.31,200.1,2237785
2016-10-12,200.95,203.88,200.42,201.51,1671211
2016-10-13,200.5,200.895,197.05,200.24,2209150
2016-10-14,200.66,201.43,196.3,196.51,3194201
2016-10-17,197.05,198.39,192,193.96,3888796
2016-10-18,195.99,199.47,193.26,199.1,4921260
2016-10-19,199.74,206.66,198.06,203.56,5640708
2016-10-20,202.12,203,197.05,199.1,4329868
2016-10-21,198.6,201.57,197.41,200.09,2205166
2016-10-24,201,203.945,200.25,202.76,2663942
2016-10-25,202.9,204.69,201.2,202.34,2181229
2016-10-26,201,203.19,200.1,202.24,3201936
2016-10-27,211.34,213.7,201.65,204.01,12785602
2016-10-28,204,205.32,199.83,199.97,4202047
2016-10-31,202.49,202.49,195.81,197.73,4692273
2016-11-01,198.04,198.5,188.105,190.79,7060036
2016-11-02,190.05,192.695,187.505,188.02,4253382
2016-11-03,189,191.47,187.04,187.42,2653023
2016-11-04,189,193.46,185.96,190.56,5146043
2016-11-07,193.59,194.29,190.05,193.21,3781927
2016-11-08,193.79,197.49,191.26,194.94,3170981
2016-11-09,186.875,192,183.95,190.06,8131514
2016-11-10,191.05,191.61,180.42,185.35,6662170
2016-11-11,184.24,188.88,183,188.56,3902576
2016-11-14,188,188.25,178.19,181.45,6552205
2016-11-15,182.78,186.43,182.05,183.77,3902018
2016-11-16,182.65,184.73,181.21,183.93,3405210
2016-11-17,183.49,189.49,182.11,188.66,4521052
2016-11-18,190.65,193,185,185.02,5180275
2016-11-21,185.04,188.89,184.41,184.7,4329418
2016-11-22,185.84,191.47,183.71,191.17,5567401
2016-11-23,190.61,195.644,189,193.14,4681343
2016-11-25,193.64,197.237,193.64,196.65,2322216
2016-11-28,195.48,199.35,194.55,196.12,4399315
2016-11-29,195.56,196.73,189.5,189.57,4327215
2016-11-30,191,191.89,187.5,189.4,3433565
2016-12-01,188.25,188.53,181,181.88,4984959
2016-12-02,182.88,184.88,180,181.47,3961543
2016-12-05,182.51,188.89,182.51,186.8,3928750
2016-12-06,185.52,186.58,182.683,185.85,3350536
2016-12-07,186.15,193.4,185,193.14,5312421
2016-12-08,192.05,192.5,189.54,192.29,3108464
2016-12-09,190.87,193.836,190.81,192.18,2692753
2016-12-12,192.8,194.42,191.04,192.43,2404013
2016-12-13,193.18,201.28,193,198.15,6647682
2016-12-14,198.74,203,196.76,198.69,4126524
2016-12-15,198.41,200.74,197.39,197.58,3156620
2016-12-16,198.08,202.59,197.6,202.49,3645735
2016-12-19,202.49,204.45,199.84,202.73,3403226
2016-12-20,203.05,209,202.5,208.79,4621849
2016-12-21,208.45,212.23,207.41,207.7,5089610
2016-12-22,208.22,209.99,206.5,208.45,3030425
2016-12-23,208,213.45,207.71,213.34,4282248
2016-12-27,214.88,222.25,214.42,219.53,5688417
2016-12-28,221.53,223.8,217.2,219.74,3685700
2016-12-29,218.56,219.2,214.123,214.65,3947186
2016-12-30,216.3,217.5,211.68,213.69,4642620
2017-01-03,214.86,220.33,210.96,216.99,5529103
2017-01-04,214.75,228,214.31,226.99,11125409
2017-01-05,226.42,227.48,221.95,226.75,5855477
2017-01-06,226.93,230.31,225.45,229.01,5464390
2017-01-09,228.97,231.92,228,231.28,3912905
2017-01-10,232,232,226.89,229.87,3596489
2017-01-11,229.07,229.98,226.68,229.73,3419709
2017-01-12,229.06,230.7,225.58,229.59,3715994
2017-01-13,230,237.85,229.59,237.75,5999036
2017-01-17,236.7,239.96,234.37,235.58,4599431
2017-01-18,236.65,239.71,235.58,238.36,3717367
2017-01-19,247.25,248.68,240.75,243.76,7588308
2017-01-20,245.46,246,243.01,244.73,3779300
2017-01-23,245.85,250.89,245.5,248.92,5933842
2017-01-24,250,254.8,249.65,254.61,4780599
2017-01-25,257.31,258.46,251.8,254.47,5115499
2017-01-26,254.29,255.74,250.75,252.51,3069385
2017-01-27,251.38,253,248.52,252.96,3041815
2017-01-30,252.53,255.29,247.1,250.62,3662381
2017-01-31,249.24,255.89,247.7,251.93,4052857
2017-02-01,253.05,253.2,249.05,249.24,3922415
2017-02-02,248.34,252.42,247.71,251.54,2417989
2017-02-03,251.91,252.179,249.68,251.33,2186723
2017-02-06,251,257.82,250.63,257.77,3521545
2017-02-07,258.19,260,256.42,257.48,4059343
2017-02-08,257.35,263.36,256.2,262.08,3880660
2017-02-09,266.25,271.18,266.15,269.2,7691836
2017-02-10,269.79,270.95,266.11,269.23,3591127
2017-02-13,270.74,280.79,270.51,280.6,6892941
2017-02-14,279.03,287.39,278.61,280.98,7192881
2017-02-15,280,282.24,276.44,279.76,4909892
2017-02-16,277.6,280,268.5,268.95,7022600
2017-02-17,265.8,272.89,264.15,272.23,6122976
2017-02-21,275.45,281.4,274.01,277.39,5606590
2017-02-22,280.31,283.45,272.6,273.51,7430914
2017-02-23,264,264.66,255.56,255.99,14825808
2017-02-24,252.66,258.25,250.2,257,8119605
2017-02-27,248.17,248.36,242.01,246.23,11213033
2017-02-28,244.19,251,243.9,249.99,5946842
2017-03-01,254.18,254.85,249.11,250.02,4779494
2017-03-02,249.71,253.28,248.27,250.48,3321711
2017-03-03,250.74,251.9,249,251.57,2907840
2017-03-06,247.91,251.7,247.51,251.21,3287229
2017-03-07,251.92,253.89,248.32,248.59,3341840
2017-03-08,247,250.07,245.32,246.83,3643671
2017-03-09,247.63,248.66,243,244.9,3852052
2017-03-10,246.21,246.5,243,243.69,3009717
2017-03-13,244.39,246.85,242.781,246.17,3022625
2017-03-14,246.11,258.12,246.02,258,7598446
2017-03-15,257,261,254.27,255.73,5330806
2017-03-16,262.4,265.75,259.06,262.05,7132153
2017-03-17,264,265.33,261.2,261.5,5912477
2017-03-20,260.6,264.55,258.821,261.92,3614294
2017-03-21,262.83,264.8,250.24,250.68,6908554
2017-03-22,251.56,255.07,250.51,255.01,4059297
2017-03-23,255.39,257.672,253.3,254.78,3320245
2017-03-24,255.7,263.89,255.01,263.16,5532414
2017-03-27,260.6,270.57,259.75,270.22,6089705
2017-03-28,277.02,280.68,275,277.45,7781113
2017-03-29,278.34,279.6,275.54,277.38,3562790
2017-03-30,278.04,282,277.21,277.92,4066603
2017-03-31,278.73,279.68,276.32,278.3,3224621
2017-04-03,286.9,299,284.58,298.52,13888618
2017-04-04,296.89,304.81,294.53,303.68,9975249
2017-04-05,302.04,304.88,294.2,295,7781867
2017-04-06,296.88,301.94,294.1,298.7,5450176
2017-04-07,297.5,302.69,297.15,302.54,4579613
2017-04-10,309.15,313.73,308.71,312.39,7582587
2017-04-11,313.38,313.47,305.5,308.71,5724577
2017-04-12,306.34,308.448,296.32,296.84,5925683
2017-04-13,296.7,307.39,295.3,304,9175128
2017-04-17,302.7,304,298.68,301.44,4053657
2017-04-18,299.7,300.84,297.9,300.25,2868087
2017-04-19,302.46,306.62,302.11,305.52,3741336
2017-04-20,306.51,309.15,300.23,302.51,5898135
2017-04-21,302,306.4,300.42,305.6,4420451
2017-04-24,309.22,310.55,306.022,308.03,5078530
2017-04-25,308,313.98,305.86,313.79,6734967
2017-04-26,312.37,314.5,309,310.17,4689098
2017-04-27,311.69,313.09,307.5,308.63,3463268
2017-04-28,309.83,314.8,308,314.07,4505478
2017-05-01,314.88,327.25,314.81,322.83,8821106
2017-05-02,324,327.66,316.56,318.89,5317939
2017-05-03,317.67,321.53,310.45,311.02,6906462
2017-05-04,307.435,307.77,290.76,295.46,14138529
2017-05-05,298,308.55,296.8,308.35,8177347
2017-05-08,310.9,313.79,305.82,307.19,7003468
2017-05-09,309.38,321.99,309.1,321.26,9664729
2017-05-10,321.56,325.5,318.12,325.22,5735245
2017-05-11,323.4,326,319.6,323.1,4747713
2017-05-12,325.48,327,321.53,324.81,4117295
2017-05-15,318.38,320.2,312.53,315.88,7607513
2017-05-16,317.59,320.06,315.14,317.01,4141969
2017-05-17,314.39,314.63,305.5,306,6696073
2017-05-18,307,313.94,305.31,313.06,5653801
2017-05-19,315.5,316.5,310.2,310.83,4652665
2017-05-22,312.8,314.37,306.8,310.35,4324962
2017-05-23,310.46,310.73,303.48,303.86,4315220
2017-05-24,306.51,311,305.4,310.22,5036986
2017-05-25,311.02,316.97,307.81,316.83,5004038
2017-05-26,317.28,325.49,316.31,325.14,7791970
2017-05-30,326,336.28,325.76,335.1,7772629
2017-05-31,337.69,342.89,335.16,341.01,9937889
2017-06-01,344,344.88,337.29,340.37,7602583
2017-06-02,339.77,342.88,335.93,339.85,5583664
2017-06-05,338.5,348.44,334.21,347.32,6770516
2017-06-06,344.7,359.493,339.97,352.8,11059386
2017-06-07,356.34,360.5,355.14,359.65,9352188
2017-06-08,363.75,371.9,360.22,370,9030052
2017-06-09,374.42,376.87,354.8,357.32,17251584
2017-06-12,357.99,364.5,350.62,359.01,10508261
2017-06-13,367.62,376,366.61,375.95,11778111
2017-06-14,381.085,384.25,376.31,380.66,12783558
2017-06-15,372.5,375.46,366.49,375.34,10416088
2017-06-16,377.975,378.01,370.1,371.4,6350378
2017-06-19,375,376.7,367.8,369.8,6472928
2017-06-20,376.67,378.88,369.73,372.24,7421638
2017-06-21,374.35,376.99,368.02,376.4,4923210
2017-06-22,377.99,385,373.57,382.61,7514282
2017-06-23,382.45,386.99,379.345,383.45,6426666
2017-06-26,386.69,386.95,373.1,377.49,6597603
2017-06-27,376.4,376.4,362.02,362.37,6979954
2017-06-28,366.68,371.74,362.52,371.24,6293162
2017-06-29,370.61,371,354.1,360.75,8204552
2017-06-30,363.71,366.767,359.619,361.61,5826818
2017-07-03,370.24,371.35,351.5,352.5,6305401
2017-07-05,347.2,347.24,326.33,327.09,17005963
2017-07-06,317.26,320.79,306.3,308.83,19275954
2017-07-07,313.5,317,307.38,313.22,14134892
2017-07-10,312.9,317.94,303.13,316.05,13780268
2017-07-11,316,327.28,314.3,327.22,11528093
2017-07-12,330.4,333.1,324.5,329.52,10323843
2017-07-13,330.11,331.6,319.97,323.41,8583086
2017-07-14,323.19,328.42,321.22,327.78,5608043
2017-07-17,325.54,327.1,313.45,319.57,9830078
2017-07-18,317.5,329.13,315.66,328.24,6365551
2017-07-19,328.23,331.65,323.219,325.26,6348887
2017-07-20,326.9,330.22,324.2,329.92,5145881
2017-07-21,329.46,331.258,325.8,328.4,4871775
2017-07-24,330.24,343.399,330.01,342.52,8599011
2017-07-25,345,345.6,334.15,339.6,6980113
2017-07-26,340.36,345.5,338.12,343.85,4810519
2017-07-27,346,347.5,326.29,334.46,8286495
2017-07-28,336.89,339.6,332.51,335.07,4873053
2017-07-31,335.5,341.49,321.04,323.47,8526933
2017-08-01,323,324.45,316.13,319.57,8287814
2017-08-02,318.94,327.12,311.22,325.89,12091303
2017-08-03,345.33,350,343.15,347.077,13526360
2017-08-04,347,357.27,343.3,356.91,9238520
2017-08-07,357.35,359.48,352.75,355.17,6309779
2017-08-08,357.53,368.58,357.4,365.22,7432673
2017-08-09,361,370,358.95,363.53,6882093
2017-08-10,361.6,366.65,354.66,355.4,7069015
2017-08-11,356.97,361.26,353.62,357.87,4358686
2017-08-14,364.63,367.66,362.6,363.8,4508389
2017-08-15,365.2,365.49,359.37,362.33,3077200
2017-08-16,363,366.5,362.52,362.91,3406736
2017-08-17,361.21,363.3,351.59,351.92,5011609
2017-08-18,352.91,354,345.8,347.46,5397864
2017-08-21,345.82,345.82,331.85,337.86,6490288
2017-08-22,341.13,342.24,337.373,341.35,4315392
2017-08-23,338.99,353.49,338.304,352.77,4942609
2017-08-24,352.52,356.66,349.74,352.93,4576004
2017-08-25,354.24,355.69,347.3,348.05,3475491
2017-08-28,347.28,347.35,339.72,345.66,3749288
2017-08-29,339.48,349.05,338.75,347.36,4069377
2017-08-30,349.67,353.47,347,353.18,3404219
2017-08-31,353.55,358.44,352.82,355.9,4065690
2017-09-01,356.12,357.59,353.69,355.4,3048895
2017-09-05,353.8,355.49,345.89,349.59,3843028
2017-09-06,349.5,350.979,341.56,344.53,4082901
2017-09-07,345.98,352.48,343.45,350.61,4235606
2017-09-08,348.99,349.78,342.3,343.4,3261389
2017-09-11,351.35,363.71,350,363.69,7651647
2017-09-12,364.49,368.76,360.4,362.75,5966716
2017-09-13,363.82,368.07,359.59,366.23,4172033
2017-09-14,364.33,377.96,362.63,377.64,7171437
2017-09-15,374.51,380,372.7,379.81,5409018
2017-09-18,380.25,389.61,377.68,385,7179287
2017-09-19,380,382.39,373.57,375.1,6440275
2017-09-20,373,378.249,371.07,373.91,4910883
2017-09-21,374.9,376.83,364.51,366.48,4612621
2017-09-22,366.49,369.9,350.88,351.09,8144339
2017-09-25,353.15,357.469,342.88,344.99,7587395
2017-09-26,350.93,351.24,340.9,345.25,7150632
2017-09-27,349.9,351.489,340.5,340.97,6029596
2017-09-28,339.88,342.75,335.4,339.6,5311877
2017-09-29,341.86,344.68,338.601,341.02,5099112
2017-10-02,342.52,343.7,335.51,341.53,5243618
2017-10-03,335.9,348.55,331.28,348.14,10126541
2017-10-04,351.25,358.62,349.6,355.01,8148594
2017-10-05,356,357.435,351.35,355.14,4168161
2017-10-06,353.1,360.099,352.25,356.834,4277878
2017-10-09,349.65,351.75,342.67,342.94,7464351
2017-10-10,346.8,355.63,345.531,355.59,6972552
2017-10-11,353.89,357.6,351.15,354.6,4495328
2017-10-12,352.95,359.78,352.64,355.68,4075519
2017-10-13,356.98,358.49,353.68,355.57,3538958
2017-10-16,353.76,354.48,347.16,350.6,5373410
2017-10-17,350.91,356.22,350.07,355.75,3290317
2017-10-18,355.97,363,354.13,359.65,4936166
2017-10-19,355.56,357.147,348.2,351.81,5056722
2017-10-20,352.69,354.55,344.34,345.1,4926667
2017-10-23,349.88,349.95,336.25,337.02,5740366
2017-10-24,338.8,342.8,336.16,337.34,4488426
2017-10-25,336.7,337.5,323.56,325.84,8584204
2017-10-26,327.78,330.23,323.2,326.17,5012087
2017-10-27,319.75,324.59,316.66,320.87,6970118
2017-10-30,319.18,323.78,317.25,320.08,4254378
2017-10-31,320.23,331.95,320.18,331.53,5672347
2017-11-01,332.25,332.609,320.26,321.08,8457336
2017-11-02,300.13,308.69,292.63,299.26,19791416
2017-11-03,299.5,306.25,295.13,306.09,8893974
2017-11-06,307,307.5,299.01,302.78,6482486
2017-11-07,301.02,306.5,300.03,306.05,5286320
2017-11-08,305.5,306.89,301.3,304.31,4725510
2017-11-09,302.5,304.46,296.3,302.99,5440335
2017-11-10,302.5,308.36,301.85,302.99,4621912
2017-11-13,300.13,316.8,299.11,315.4,7574542
2017-11-14,315,316.35,306.9,308.7,5665443
2017-11-15,306.01,312.49,301.5,311.3,5952184
2017-11-16,313.99,318.14,311.3,312.5,5798345
2017-11-17,325.67,326.67,313.15,315.05,13721789
2017-11-20,313.79,315.5,304.75,308.74,8242039
2017-11-21,310.86,318.23,308.71,317.81,7257275
2017-11-22,316.77,317.42,311.84,312.6,4913901
2017-11-24,313.79,316.41,311,315.55,3244065
2017-11-27,313.25,317.34,309.51,316.81,4538846
2017-11-28,316.36,320,313.92,317.61,4941769
2017-11-29,317.3,318,301.23,307.54,8757929
2017-11-30,308.56,310.7,304.54,308.95,4346670
2017-12-01,305.44,310.32,305.05,306.53,4286223
2017-12-04,306.5,308.265,300.61,305.2,5834325
2017-12-05,302,308,301,303.7,4643831
2017-12-06,300.1,313.39,300,313.27,7185928
2017-12-07,312,318.634,311.05,311.26,4779610
2017-12-08,314.6,316.98,311.26,315.13,3466248
2017-12-11,314.63,329.01,313.75,328.9,7927990
2017-12-12,330.45,341.44,330.03,341.03,8716115
2017-12-13,340.93,344.22,336.5,339.03,6217894
2017-12-14,341.01,347.44,336.9,337.89,5792456
2017-12-15,342.04,343.9,335.76,343.43,6924404
2017-12-18,344.9,346.73,337.58,338.81,5467312
2017-12-19,340.26,341.493,330.3,330.99,6821279
2017-12-20,332.69,333.1,325.04,328.98,5950570
2017-12-21,329.59,333.74,327.21,331.66,4371165
2017-12-22,329.51,330.921,324.82,325.2,4207810
2017-12-26,323.83,323.84,316.58,317.29,4369962
2017-12-27,316,317.5,310.75,311.64,4705206
2017-12-28,311.75,315.82,309.54,315.36,4307205
2017-12-29,316.18,316.41,310,311.35,3771138
2018-01-02,312,322.11,311,320.53,4345885
2018-01-03,321,325.25,315.55,317.25,4459553
2018-01-04,312.87,318.55,305.68,314.62,9946284
2018-01-05,316.62,317.24,312,316.58,4589244
2018-01-08,316,337.02,315.5,336.41,9837032
2018-01-09,335.16,338.8,327.405,333.69,7134637
2018-01-10,332.2,337,330,334.8,4304647
2018-01-11,335.24,344.81,333.26,337.95,6641631
2018-01-12,338.63,340.41,333.67,336.22,4822781
2018-01-16,337.54,345,334.8,340.06,6430106
2018-01-17,340.47,349,339.75,347.16,7095099
2018-01-18,345.67,352.3,343.74,344.57,5680005
2018-01-19,345,350.59,342.6,350.02,4871475
2018-01-22,349.4,357.83,349.2,351.56,6204101
2018-01-23,360,360.5,351,352.79,5452533
2018-01-24,354.58,354.75,343.52,345.89,5277966
2018-01-25,348.27,349.2,336.4,337.64,6727392
2018-01-26,341.5,344,335.71,342.85,4535470
2018-01-29,339.85,350.85,338.28,349.53,4740277
2018-01-30,345.14,348.27,342.17,345.82,4710880
2018-01-31,347.51,356.19,345.19,354.31,6199503
2018-02-01,351,359.66,348.63,349.25,4190832
2018-02-02,348.44,351.95,340.51,343.75,3696510
2018-02-05,337.97,344.47,333,333.13,4442285
2018-02-06,325.21,336.22,323.5,333.97,5088438
2018-02-07,338.99,346,335.66,345,6780883
2018-02-08,343.31,348.62,314.6,315.23,10298181
2018-02-09,319.93,320.985,294.76,310.42,12924936
2018-02-12,316.13,318.08,306.25,315.73,6225218
2018-02-13,315.02,324.19,312.511,323.66,4555060
2018-02-14,320.84,326.17,318.52,322.31,3948395
2018-02-15,324.5,334.12,322.4,334.065,5910807
2018-02-16,332.5,343.12,331.64,335.49,5640492
2018-02-20,334.47,340.84,331.5,334.76,4007090
2018-02-21,336.03,339.693,333.18,333.3,3207469
2018-02-22,335.53,347.44,334.75,346.32,6962268
2018-02-23,347.83,354.99,347.1,352.05,5814438
2018-02-26,353.5,359,352.355,357.35,4334996
2018-02-27,356.25,359.99,350.01,350.99,4797419
2018-02-28,352.57,355.24,342.22,343.06,6069658
2018-03-01,345.01,348.67,330.07,330.93,6885601
2018-03-02,326.98,335.22,322.97,335.12,5092829
2018-03-05,332.39,337.75,329.293,333.35,3823769
2018-03-06,333.75,336.37,327.03,328.2,4285744
2018-03-07,325.44,332.5,321.74,332.3,5007297
2018-03-08,332.86,333.3,326.274,329.1,3566244
2018-03-09,324.1,328.49,322.37,327.17,5506764
2018-03-12,328.61,347.21,326.5,345.51,8264035
2018-03-13,344.92,345.12,336.264,341.84,5965805
2018-03-14,336.76,339.81,323.93,326.63,7967370
2018-03-15,329.38,332.85,321.1,325.6,6564801
2018-03-16,325.96,327.4,319.07,321.35,6117279
2018-03-19,316.5,320.75,309.67,313.56,7484294
2018-03-20,314.87,316.25,308.76,310.55,4764293
2018-03-21,310.25,322.44,310.19,316.53,5958411
2018-03-22,313.89,318.82,308.18,309.1,4939771
2018-03-23,311.25,311.61,300.45,301.54,6654899
2018-03-26,307.34,307.59,291.36,304.18,8375175
2018-03-27,304,304.27,277.18,279.18,13872029
2018-03-28,264.58,268.68,252.1,257.78,21001437
2018-03-29,256.49,270.96,248.21,266.13,15170749
2018-04-02,256.26,260.332,244.59,252.48,16113968
2018-04-03,269.82,273.35,254.49,267.53,18844384
2018-04-04,252.78,288.37,252,286.94,19896746
2018-04-05,289.34,306.26,288.2,305.72,19121101
2018-04-06,301,309.28,295.5,299.3,13520286
2018-04-09,300.37,309.5,289.21,289.66,10242491
2018-04-10,298.97,307.1,293.68,304.7,11024259
2018-04-11,300.93,308.8,299.66,300.93,7471398
2018-04-12,302.32,303.95,293.68,294.08,7608769
2018-04-13,303.6,303.95,295.98,300.34,7327223
2018-04-16,299,299.66,289.01,291.21,6338488
2018-04-17,288.87,292.17,282.51,287.69,7000023
2018-04-18,291.08,300.24,288.16,293.35,6557700
2018-04-19,291.08,301.01,288.55,300.08,6090599
2018-04-20,295.17,299.98,289.75,290.24,5627928
2018-04-23,291.29,291.62,282.33,283.37,4893378
2018-04-24,285,287.09,278.46,283.46,5685308
2018-04-25,283.5,285.16,277.25,280.69,4013574
2018-04-26,278.75,285.79,276.5,285.48,4356013
2018-04-27,285.37,294.47,283.83,294.075,4364626
2018-04-30,293.61,298.73,292.5,293.9,4228172
2018-05-01,293.51,300.82,293.22,299.92,4625603
2018-05-02,298.57,306.85,297.784,301.15,8970370
2018-05-03,278.79,288.04,275.23,284.45,17352130
2018-05-04,283,296.86,279.52,294.09,8569354
2018-05-07,297.5,305.959,295.17,302.77,8678224
2018-05-08,300.795,307.75,299,301.97,5930000
2018-05-09,300.41,307.01,300.05,306.85,5727365
2018-05-10,307.5,312.99,304.112,305.02,5651561
2018-05-11,307.7,308.88,299.08,301.06,4679649
2018-05-14,303.32,304.94,291.62,291.97,7286804
2018-05-15,285.01,286.96,280.5,284.18,9519173
2018-05-16,283.83,288.81,281.56,286.48,5674019
2018-05-17,285.9,289.187,283.97,284.54,4420612
2018-05-18,284.65,284.65,274,276.82,7251887
2018-05-21,281.33,291.49,281.3,284.49,9182571
2018-05-22,287.762,288,273.422,275.01,8945756
2018-05-23,277.76,279.91,274,279.07,5985053
2018-05-24,278.4,281.11,274.89,277.85,4176708
2018-05-25,277.625,279.64,275.61,278.85,3875082
2018-05-29,278.51,286.5,276.15,283.76,5666640
2018-05-30,283.29,295.005,281.6,291.72,7489686
2018-05-31,287.21,290.37,282.93,284.73,5919721
2018-06-01,285.86,291.95,283.839,291.82,5424386
2018-06-04,294.34,299,293.548,296.74,4797810
2018-06-05,297.7,297.8,286.74,291.13,5995157
2018-06-06,300.5,322.17,297.48,319.5,18767269
2018-06-07,316.15,330,313.58,316.09,14345271
2018-06-08,319,324.48,317.15,317.66,8205202
2018-06-11,322.51,334.66,322.5,332.1,13183473
2018-06-12,344.7,354.97,338,342.77,22347403
2018-06-13,346.706,347.2,339.8,344.78,9469804
2018-06-14,347.63,358.75,346.6,357.72,10981023
2018-06-15,353.84,364.67,351.25,358.17,10848254
2018-06-18,355.4,373.73,354.5,370.83,12073226
2018-06-19,365.16,370,346.25,352.55,12761903
2018-06-20,358.04,364.38,352,362.22,8383656
2018-06-21,362,366.214,346.27,347.51,7967145
2018-06-22,351.54,352.25,332,333.63,10266059
2018-06-25,330.12,338.47,327.5,333.01,6931304
2018-06-26,336.054,343.55,325.799,342,7452487
2018-06-27,345,350.79,339.5,344.5,8333727
2018-06-28,348.66,357.02,346.11,349.93,8398005
2018-06-29,353.33,353.86,342.41,342.95,6492396
2018-07-02,360.07,364.78,329.85,335.07,18759765
2018-07-03,331.75,332.49,309.69,310.86,12282638
2018-07-05,313.76,314.39,296.22,309.16,17476374
2018-07-06,304.955,312.07,302,308.9,8865451
2018-07-09,311.99,318.52,308,318.51,7596753
2018-07-10,324.56,327.677,319.2,322.47,9471498
2018-07-11,315.8,321.94,315.07,318.96,4884076
2018-07-12,321.43,323.23,312.77,316.71,5721166
2018-07-13,315.58,319.585,309.25,318.87,5875770
2018-07-16,311.71,315.16,306.25,310.1,7818655
2018-07-17,308.81,324.74,308.5,322.69,6996232
2018-07-18,325,325.5,316.25,323.85,5624211
2018-07-19,316.33,323.54,314.01,320.23,5915345
2018-07-20,321.23,323.24,311.709,313.58,5166547
2018-07-23,301.84,305.5,292.86,303.2,10992947
2018-07-24,304.421,307.717,292.545,297.43,9590784
2018-07-25,296.74,309.62,294.503,308.74,7094180
2018-07-26,304.85,310.7,303.641,306.65,4630522
2018-07-27,307.25,307.693,295.34,297.18,5703326
2018-07-30,295.9,296.1,286.13,290.17,6814072
2018-07-31,292.25,298.32,289.07,298.14,5076916
2018-08-01,297.99,303,293,300.84,10129430
2018-08-02,328.44,349.99,323.16,349.54,23214962
2018-08-03,347.81,355,342.53,348.17,13656486
2018-08-06,345.46,354.98,341.82,341.99,8564331
2018-08-07,343.84,387.46,339.15,379.57,30875768
2018-08-08,369.09,382.64,367.12,370.34,24571163
2018-08-09,365.55,367.01,345.73,352.45,17183811
2018-08-10,354,360,346,355.49,11552044
2018-08-13,361.13,363.19,349.02,356.41,10463881
2018-08-14,358.45,359.2,347.1,347.64,6986427
2018-08-15,341.906,344.49,332.14,338.69,9101258
2018-08-16,339.91,342.28,333.82,335.45,6064033
2018-08-17,323.5,326.77,303.53,305.5,18958612
2018-08-20,291.704,308.5,288.2,308.44,17402335
2018-08-21,310.61,324.79,309,321.9,13172230
2018-08-22,320.87,323.88,314.67,321.64,5945955
2018-08-23,319.14,327.32,318.1,320.1,5147286
2018-08-24,320.7,323.85,319.4,322.82,3602564
2018-08-27,318,322.435,308.81,319.27,13079288
2018-08-28,318.41,318.88,311.19,311.86,7649091
2018-08-29,310.27,311.85,303.69,305.01,7447392
2018-08-30,302.26,304.6,297.72,303.15,7216706
2018-08-31,302,305.308,298.6,301.66,5375104
2018-09-04,296.94,298.19,288,288.95,8350469
2018-09-05,285.05,286.78,277.18,280.74,7720821
2018-09-06,284.8,291.17,278.88,280.95,7480760
2018-09-07,260.1,268.35,252.255,263.24,22491931
2018-09-10,273.26,286.03,271,285.5,14283528
2018-09-11,279.47,282,273.55,279.44,9169989
2018-09-12,281.44,292.5,278.646,290.54,10015427
2018-09-13,288.02,295,285.18,289.46,6340336
2018-09-14,288.76,297.326,286.52,295.2,6765612
2018-09-17,290.04,300.87,288.13,294.84,6887577
2018-09-18,296.69,302.64,275.5,284.96,16547522
2018-09-19,280.51,300,280.5,299.02,8294917
2018-09-20,303.56,305.98,293.33,298.33,7349422
2018-09-21,297.7,300.58,295.37,299.1,5050478
2018-09-24,298.48,302.999,293.58,299.68,4842961
2018-09-25,300,304.6,296.5,300.99,4481729
2018-09-26,301.91,313.89,301.109,309.58,7843216
2018-09-27,312.9,314.96,306.91,307.52,8509084
2018-09-28,270.26,278,260.555,264.77,33649694
2018-10-01,305.77,311.44,301.05,310.7,21777597
2018-10-02,313.95,316.84,299.15,301.02,11743511
2018-10-03,303.33,304.6,291.57,294.8,7994988
2018-10-04,293.95,294,277.67,281.83,9814212
2018-10-05,274.65,274.88,260,261.95,17944537
2018-10-08,264.52,267.76,249,250.56,13472653
2018-10-09,255.25,266.77,253.3,262.8,12060574
2018-10-10,264.61,265.51,247.77,256.88,12815278
2018-10-11,257.53,262.25,249.03,252.23,8167738
2018-10-12,261,261.99,252.01,258.78,7201404
2018-10-15,259.06,263.28,254.537,259.59,6199965
2018-10-16,265.7,277.375,262.24,276.59,9526401
2018-10-17,282.4,282.7,265.803,271.78,8655542
2018-10-18,269.29,271,263,263.91,5421184
2018-10-19,267.39,269.66,253.5,260,9375549
2018-10-22,260.68,261.86,252.59,260.95,5600260
2018-10-23,263.87,297.93,262.1,294.14,19027753
2018-10-24,301.05,304.44,285.73,288.5,20058258
2018-10-25,317.22,321,301.01,314.86,20840724
2018-10-26,308.25,339.9,306.65,330.9,27425520
2018-10-29,337.47,347.16,326.5,334.85,14486027
2018-10-30,328.39,337.9,322.26,329.9,9126704
2018-10-31,332.54,342,329.1,337.32,7624348
2018-11-01,338.26,347.84,334.725,344.28,8000132
2018-11-02,343.74,349.2,340.91,346.41,7807971
2018-11-05,340.5,343.955,330.14,341.4,7831048
2018-11-06,339.07,348.8,336.09,341.06,6762889
2018-11-07,343.34,351.18,340.8,348.16,7374522
2018-11-08,348.5,357.576,348.44,351.4,7090674
2018-11-09,349,354,345.23,350.51,5098846
2018-11-12,348.37,349.78,330.34,331.28,6941523
2018-11-13,333.16,344.7,332.2,338.73,5448597
2018-11-14,342.7,347.11,337.15,344,5040287
2018-11-15,342.33,348.58,339.04,348.44,4625719
2018-11-16,345.19,355.7,345.12,354.31,7206191
2018-11-19,356.34,366.75,352.88,353.47,9708871
2018-11-20,341.75,349.8,333.55,347.49,8004709
2018-11-21,352,353.1,337.4,338.19,4686808
2018-11-23,334.345,337.5,325.55,325.83,4202642
2018-11-26,325,346.22,325,346,7992141
2018-11-27,340.05,346.96,335.5,343.92,6358300
2018-11-28,345.99,348.28,342.21,347.87,4127578
2018-11-29,347,347.5,339.55,341.17,3080724
2018-11-30,341.83,351.6,338.265,350.48,5628895
2018-12-03,360,366,352,358.49,8306511
2018-12-04,356.05,368.68,352,359.7,8461945
2018-12-06,356.01,367.38,350.76,363.06,7842508
2018-12-07,369,379.49,357.65,357.965,11511177
2018-12-10,360,365.98,353.12,365.15,6613455
2018-12-11,369.91,372.169,360.23,366.76,6308769
2018-12-12,369.42,371.91,365.16,366.6,5027048
2018-12-13,370.15,377.44,366.75,376.79,7365854
2018-12-14,375,377.87,364.33,365.71,6337555
2018-12-17,362,365.7,343.88,348.42,7674008
2018-12-18,350.54,351.55,333.69,337.03,7099999
2018-12-19,337.6,347.01,329.74,332.97,8274181
2018-12-20,327.054,330.29,311.869,315.38,9071858
2018-12-21,317.4,323.47,312.44,319.77,8016801
2018-12-24,313.5,314.5,295.195,295.39,5559913
2018-12-26,300,326.97,294.09,326.09,8163138
2018-12-27,319.84,322.172,301.5,316.13,8575133
2018-12-28,323.1,336.24,318.41,333.87,9938992
2018-12-31,337.79,339.21,325.26,332.8,6302338
2019-01-02,306.1,315.13,298.8,310.12,11658648
2019-01-03,307,309.4,297.38,300.36,6965184
2019-01-04,306,318,302.73,317.69,7394116
2019-01-07,321.72,336.74,317.751,334.96,7551225
2019-01-08,341.96,344.01,327.02,335.35,7008516
2019-01-09,335.5,343.503,331.47,338.53,5432945
2019-01-10,334.4,345.39,331.79,344.97,6056354
2019-01-11,342.09,348.41,338.77,347.26,5039052
2019-01-14,342.38,342.5,334,334.4,5247284
2019-01-15,335,348.8,334.5,344.43,6056590
2019-01-16,344.78,352,343.5,346.05,4691739
2019-01-17,346.21,351.5,344.15,347.31,3676733
2019-01-18,323,327.13,299.73,302.26,24150763
2019-01-22,304.82,308,295.5,298.92,12066741
2019-01-23,292.5,294.5,281.69,287.59,12529993
2019-01-24,283.03,293.68,279.283,291.51,8012155
2019-01-25,294.39,298.52,289.55,297.04,7258078
2019-01-28,292.91,297.46,287.75,296.38,6423279
2019-01-29,295.27,298.557,291.8,297.46,4621692
2019-01-30,300.45,309,298.49,308.77,11250318
2019-01-31,301,311.564,294,307.02,12569245
2019-02-01,305.42,316.1,303.5,312.21,7283441
2019-02-04,312.98,315.3,301.88,312.89,7352082
2019-02-05,312.49,322.44,312.249,321.35,6742765
2019-02-06,319.59,324.24,315.624,317.22,5038546
2019-02-07,313.3,314.7,303,307.51,6520611
2019-02-08,306.83,307.445,298.5,305.8,5844212
2019-02-11,311.6,318.6,310.5,312.84,7129713
2019-02-12,316.2,318.19,309.62,311.81,5517570
2019-02-13,312.35,312.75,305.57,308.17,5141617
2019-02-14,303.38,306.77,301,303.77,5200832
2019-02-15,304.5,308,303.9,307.88,3904947
2019-02-19,306.56,311.544,305.47,305.64,4168443
2019-02-20,304.41,306.3,299,302.56,7142117
2019-02-21,301.81,303.24,290.5,291.23,8909182
2019-02-22,294.49,296.5,292.1,294.71,5740558
2019-02-25,297.91,302.904,297.001,298.77,6626522
2019-02-26,292.22,302.01,288.77,297.86,8582535
2019-02-27,301.78,316.295,300.55,314.74,11183908
2019-02-28,318.92,320,310.81,319.88,10520653
2019-03-01,306.94,307.13,291.9,294.79,22911375
2019-03-04,298.12,299,282.78,285.36,17096818
2019-03-05,282,284,270.1,276.54,18764740
2019-03-06,276.48,281.506,274.39,276.24,10335485
2019-03-07,278.84,284.7,274.25,276.59,9442483
2019-03-08,276.91,285.59,275.89,284.14,8819625
2019-03-11,283.52,291.28,280.5,290.92,7392278
